timestamp,metric_name,pod_name,value,load_phase
2026-04-23T06:57:44.944000+00:00,amf_ran_ue_count,amf.open5gs.svc.cluster.local:9090,1,pre_test
2026-04-23T06:58:14.944000+00:00,amf_ran_ue_count,amf.open5gs.svc.cluster.local:9090,1,pre_test
2026-04-23T06:58:44.944000+00:00,amf_ran_ue_count,amf.open5gs.svc.cluster.local:9090,1,pre_test
2026-04-23T06:59:14.944000+00:00,amf_ran_ue_count,amf.open5gs.svc.cluster.local:9090,1,pre_test
2026-04-23T06:59:44.944000+00:00,amf_ran_ue_count,amf.open5gs.svc.cluster.local:9090,1,pre_test
2026-04-23T07:00:14.944000+00:00,amf_ran_ue_count,amf.open5gs.svc.cluster.local:9090,1,pre_test
2026-04-23T07:00:44.944000+00:00,amf_ran_ue_count,amf.open5gs.svc.cluster.local:9090,1,pre_test
2026-04-23T07:01:14.944000+00:00,amf_ran_ue_count,amf.open5gs.svc.cluster.local:9090,1,pre_test
2026-04-23T07:01:44.944000+00:00,amf_ran_ue_count,amf.open5gs.svc.cluster.local:9090,1,A_baseline
2026-04-23T07:02:14.944000+00:00,amf_ran_ue_count,amf.open5gs.svc.cluster.local:9090,1,A_baseline
2026-04-23T07:02:44.944000+00:00,amf_ran_ue_count,amf.open5gs.svc.cluster.local:9090,1,A_baseline
2026-04-23T07:03:14.944000+00:00,amf_ran_ue_count,amf.open5gs.svc.cluster.local:9090,1,A_baseline
2026-04-23T07:03:44.944000+00:00,amf_ran_ue_count,amf.open5gs.svc.cluster.local:9090,1,B_moderate
2026-04-23T07:04:14.944000+00:00,amf_ran_ue_count,amf.open5gs.svc.cluster.local:9090,1,B_moderate
2026-04-23T07:04:44.944000+00:00,amf_ran_ue_count,amf.open5gs.svc.cluster.local:9090,1,B_moderate
2026-04-23T07:05:14.944000+00:00,amf_ran_ue_count,amf.open5gs.svc.cluster.local:9090,1,C_high
2026-04-23T07:05:44.944000+00:00,amf_ran_ue_count,amf.open5gs.svc.cluster.local:9090,1,C_high
2026-04-23T07:06:14.944000+00:00,amf_ran_ue_count,amf.open5gs.svc.cluster.local:9090,1,C_high
2026-04-23T07:06:44.944000+00:00,amf_ran_ue_count,amf.open5gs.svc.cluster.local:9090,1,C_high
2026-04-23T07:07:14.944000+00:00,amf_ran_ue_count,amf.open5gs.svc.cluster.local:9090,1,C_high
2026-04-23T07:07:44.944000+00:00,amf_ran_ue_count,amf.open5gs.svc.cluster.local:9090,1,D_recovery
2026-04-23T07:08:14.944000+00:00,amf_ran_ue_count,amf.open5gs.svc.cluster.local:9090,1,D_recovery
2026-04-23T07:08:44.944000+00:00,amf_ran_ue_count,amf.open5gs.svc.cluster.local:9090,1,D_recovery
2026-04-23T07:09:14.944000+00:00,amf_ran_ue_count,amf.open5gs.svc.cluster.local:9090,1,D_recovery
2026-04-23T07:09:44.944000+00:00,amf_ran_ue_count,amf.open5gs.svc.cluster.local:9090,1,D_recovery
2026-04-23T07:10:14.944000+00:00,amf_ran_ue_count,amf.open5gs.svc.cluster.local:9090,1,D_recovery
2026-04-23T07:10:44.944000+00:00,amf_ran_ue_count,amf.open5gs.svc.cluster.local:9090,1,D_recovery
2026-04-23T07:11:14.944000+00:00,amf_ran_ue_count,amf.open5gs.svc.cluster.local:9090,1,D_recovery
2026-04-23T07:11:44.944000+00:00,amf_ran_ue_count,amf.open5gs.svc.cluster.local:9090,1,D_recovery
2026-04-23T07:12:14.944000+00:00,amf_ran_ue_count,amf.open5gs.svc.cluster.local:9090,1,D_recovery
2026-04-23T07:12:44.944000+00:00,amf_ran_ue_count,amf.open5gs.svc.cluster.local:9090,1,D_recovery
2026-04-23T07:13:14.944000+00:00,amf_ran_ue_count,amf.open5gs.svc.cluster.local:9090,1,D_recovery
2026-04-23T07:13:44.944000+00:00,amf_ran_ue_count,amf.open5gs.svc.cluster.local:9090,1,D_recovery
2026-04-23T07:14:14.944000+00:00,amf_ran_ue_count,amf.open5gs.svc.cluster.local:9090,1,D_recovery
2026-04-23T07:14:44.944000+00:00,amf_ran_ue_count,amf.open5gs.svc.cluster.local:9090,1,D_recovery
2026-04-23T07:15:14.944000+00:00,amf_ran_ue_count,amf.open5gs.svc.cluster.local:9090,1,D_recovery
2026-04-23T07:15:44.944000+00:00,amf_ran_ue_count,amf.open5gs.svc.cluster.local:9090,1,D_recovery
2026-04-23T07:16:14.944000+00:00,amf_ran_ue_count,amf.open5gs.svc.cluster.local:9090,1,D_recovery
2026-04-23T07:16:44.944000+00:00,amf_ran_ue_count,amf.open5gs.svc.cluster.local:9090,1,D_recovery
2026-04-23T07:17:14.944000+00:00,amf_ran_ue_count,amf.open5gs.svc.cluster.local:9090,1,D_recovery
2026-04-23T07:17:44.944000+00:00,amf_ran_ue_count,amf.open5gs.svc.cluster.local:9090,1,D_recovery
2026-04-23T07:18:14.944000+00:00,amf_ran_ue_count,amf.open5gs.svc.cluster.local:9090,1,D_recovery
2026-04-23T07:18:44.944000+00:00,amf_ran_ue_count,amf.open5gs.svc.cluster.local:9090,1,D_recovery
2026-04-23T07:19:44.944000+00:00,amf_ran_ue_count,amf.open5gs.svc.cluster.local:9090,1,D_recovery
2026-04-23T07:20:14.944000+00:00,amf_ran_ue_count,amf.open5gs.svc.cluster.local:9090,1,D_recovery
2026-04-23T07:20:44.944000+00:00,amf_ran_ue_count,amf.open5gs.svc.cluster.local:9090,1,D_recovery
2026-04-23T07:21:14.944000+00:00,amf_ran_ue_count,amf.open5gs.svc.cluster.local:9090,1,D_recovery
2026-04-23T07:21:44.944000+00:00,amf_ran_ue_count,amf.open5gs.svc.cluster.local:9090,1,D_recovery
2026-04-23T07:22:14.944000+00:00,amf_ran_ue_count,amf.open5gs.svc.cluster.local:9090,1,D_recovery
2026-04-23T07:22:44.944000+00:00,amf_ran_ue_count,amf.open5gs.svc.cluster.local:9090,1,D_recovery
2026-04-23T07:23:14.944000+00:00,amf_ran_ue_count,amf.open5gs.svc.cluster.local:9090,1,D_recovery
2026-04-23T07:23:44.944000+00:00,amf_ran_ue_count,amf.open5gs.svc.cluster.local:9090,1,D_recovery
2026-04-23T07:25:44.944000+00:00,amf_ran_ue_count,amf.open5gs.svc.cluster.local:9090,1,D_recovery
2026-04-23T07:26:14.944000+00:00,amf_ran_ue_count,amf.open5gs.svc.cluster.local:9090,1,D_recovery
2026-04-23T07:26:44.944000+00:00,amf_ran_ue_count,amf.open5gs.svc.cluster.local:9090,1,D_recovery
2026-04-23T07:27:14.944000+00:00,amf_ran_ue_count,amf.open5gs.svc.cluster.local:9090,1,D_recovery
2026-04-23T07:27:44.944000+00:00,amf_ran_ue_count,amf.open5gs.svc.cluster.local:9090,1,D_recovery
2026-04-23T07:28:14.944000+00:00,amf_ran_ue_count,amf.open5gs.svc.cluster.local:9090,1,D_recovery
2026-04-23T07:28:44.944000+00:00,amf_ran_ue_count,amf.open5gs.svc.cluster.local:9090,1,D_recovery
2026-04-23T07:29:14.944000+00:00,amf_ran_ue_count,amf.open5gs.svc.cluster.local:9090,1,D_recovery
2026-04-23T07:29:44.944000+00:00,amf_ran_ue_count,amf.open5gs.svc.cluster.local:9090,1,D_recovery
2026-04-23T07:30:14.944000+00:00,amf_ran_ue_count,amf.open5gs.svc.cluster.local:9090,1,D_recovery
2026-04-23T07:30:44.944000+00:00,amf_ran_ue_count,amf.open5gs.svc.cluster.local:9090,1,D_recovery
2026-04-23T07:31:14.944000+00:00,amf_ran_ue_count,amf.open5gs.svc.cluster.local:9090,1,D_recovery
2026-04-23T07:31:44.944000+00:00,amf_ran_ue_count,amf.open5gs.svc.cluster.local:9090,1,D_recovery
2026-04-23T07:32:14.944000+00:00,amf_ran_ue_count,amf.open5gs.svc.cluster.local:9090,1,D_recovery
2026-04-23T07:32:44.944000+00:00,amf_ran_ue_count,amf.open5gs.svc.cluster.local:9090,1,D_recovery
2026-04-23T07:33:14.944000+00:00,amf_ran_ue_count,amf.open5gs.svc.cluster.local:9090,1,D_recovery
2026-04-23T07:33:44.944000+00:00,amf_ran_ue_count,amf.open5gs.svc.cluster.local:9090,1,D_recovery
2026-04-23T07:34:14.944000+00:00,amf_ran_ue_count,amf.open5gs.svc.cluster.local:9090,1,D_recovery
2026-04-23T07:34:44.944000+00:00,amf_ran_ue_count,amf.open5gs.svc.cluster.local:9090,1,D_recovery
2026-04-23T07:35:14.944000+00:00,amf_ran_ue_count,amf.open5gs.svc.cluster.local:9090,1,D_recovery
2026-04-23T07:35:44.944000+00:00,amf_ran_ue_count,amf.open5gs.svc.cluster.local:9090,1,D_recovery
2026-04-23T07:36:14.944000+00:00,amf_ran_ue_count,amf.open5gs.svc.cluster.local:9090,1,D_recovery
2026-04-23T07:36:44.944000+00:00,amf_ran_ue_count,amf.open5gs.svc.cluster.local:9090,1,D_recovery
2026-04-23T07:37:14.944000+00:00,amf_ran_ue_count,amf.open5gs.svc.cluster.local:9090,1,D_recovery
2026-04-23T07:37:44.944000+00:00,amf_ran_ue_count,amf.open5gs.svc.cluster.local:9090,1,D_recovery
2026-04-23T07:38:14.944000+00:00,amf_ran_ue_count,amf.open5gs.svc.cluster.local:9090,1,D_recovery
2026-04-23T07:38:44.944000+00:00,amf_ran_ue_count,amf.open5gs.svc.cluster.local:9090,1,D_recovery
2026-04-23T07:39:14.944000+00:00,amf_ran_ue_count,amf.open5gs.svc.cluster.local:9090,1,D_recovery
2026-04-23T07:39:44.944000+00:00,amf_ran_ue_count,amf.open5gs.svc.cluster.local:9090,1,D_recovery
2026-04-23T07:40:14.944000+00:00,amf_ran_ue_count,amf.open5gs.svc.cluster.local:9090,1,D_recovery
2026-04-23T07:40:44.944000+00:00,amf_ran_ue_count,amf.open5gs.svc.cluster.local:9090,1,D_recovery
2026-04-23T07:41:14.944000+00:00,amf_ran_ue_count,amf.open5gs.svc.cluster.local:9090,1,D_recovery
2026-04-23T07:41:44.944000+00:00,amf_ran_ue_count,amf.open5gs.svc.cluster.local:9090,1,D_recovery
2026-04-23T07:42:14.944000+00:00,amf_ran_ue_count,amf.open5gs.svc.cluster.local:9090,1,D_recovery
2026-04-23T07:42:44.944000+00:00,amf_ran_ue_count,amf.open5gs.svc.cluster.local:9090,1,D_recovery
2026-04-23T07:43:14.944000+00:00,amf_ran_ue_count,amf.open5gs.svc.cluster.local:9090,1,D_recovery
2026-04-23T07:43:44.944000+00:00,amf_ran_ue_count,amf.open5gs.svc.cluster.local:9090,1,D_recovery
2026-04-23T07:44:14.944000+00:00,amf_ran_ue_count,amf.open5gs.svc.cluster.local:9090,1,D_recovery
2026-04-23T07:44:44.944000+00:00,amf_ran_ue_count,amf.open5gs.svc.cluster.local:9090,1,D_recovery
2026-04-23T07:45:14.944000+00:00,amf_ran_ue_count,amf.open5gs.svc.cluster.local:9090,1,D_recovery
2026-04-23T07:45:44.944000+00:00,amf_ran_ue_count,amf.open5gs.svc.cluster.local:9090,1,D_recovery
2026-04-23T07:46:14.944000+00:00,amf_ran_ue_count,amf.open5gs.svc.cluster.local:9090,1,D_recovery
2026-04-23T07:46:44.944000+00:00,amf_ran_ue_count,amf.open5gs.svc.cluster.local:9090,1,D_recovery
2026-04-23T07:47:14.944000+00:00,amf_ran_ue_count,amf.open5gs.svc.cluster.local:9090,1,D_recovery
2026-04-23T07:47:44.944000+00:00,amf_ran_ue_count,amf.open5gs.svc.cluster.local:9090,1,D_recovery
2026-04-23T07:48:14.944000+00:00,amf_ran_ue_count,amf.open5gs.svc.cluster.local:9090,1,D_recovery
2026-04-23T07:48:44.944000+00:00,amf_ran_ue_count,amf.open5gs.svc.cluster.local:9090,1,D_recovery
2026-04-23T07:49:14.944000+00:00,amf_ran_ue_count,amf.open5gs.svc.cluster.local:9090,1,D_recovery
2026-04-23T07:49:44.944000+00:00,amf_ran_ue_count,amf.open5gs.svc.cluster.local:9090,1,D_recovery
2026-04-23T07:50:14.944000+00:00,amf_ran_ue_count,amf.open5gs.svc.cluster.local:9090,1,D_recovery
2026-04-23T07:50:44.944000+00:00,amf_ran_ue_count,amf.open5gs.svc.cluster.local:9090,1,D_recovery
2026-04-23T07:51:14.944000+00:00,amf_ran_ue_count,amf.open5gs.svc.cluster.local:9090,1,D_recovery
2026-04-23T07:51:44.944000+00:00,amf_ran_ue_count,amf.open5gs.svc.cluster.local:9090,1,D_recovery
2026-04-23T07:52:14.944000+00:00,amf_ran_ue_count,amf.open5gs.svc.cluster.local:9090,1,D_recovery
2026-04-23T07:52:44.944000+00:00,amf_ran_ue_count,amf.open5gs.svc.cluster.local:9090,1,D_recovery
2026-04-23T07:53:14.944000+00:00,amf_ran_ue_count,amf.open5gs.svc.cluster.local:9090,1,D_recovery
2026-04-23T07:53:44.944000+00:00,amf_ran_ue_count,amf.open5gs.svc.cluster.local:9090,1,D_recovery
2026-04-23T07:54:14.944000+00:00,amf_ran_ue_count,amf.open5gs.svc.cluster.local:9090,1,D_recovery
2026-04-23T07:54:44.944000+00:00,amf_ran_ue_count,amf.open5gs.svc.cluster.local:9090,1,D_recovery
2026-04-23T07:55:14.944000+00:00,amf_ran_ue_count,amf.open5gs.svc.cluster.local:9090,1,D_recovery
2026-04-23T07:55:44.944000+00:00,amf_ran_ue_count,amf.open5gs.svc.cluster.local:9090,1,D_recovery
2026-04-23T07:56:14.944000+00:00,amf_ran_ue_count,amf.open5gs.svc.cluster.local:9090,1,D_recovery
2026-04-23T07:56:44.944000+00:00,amf_ran_ue_count,amf.open5gs.svc.cluster.local:9090,1,D_recovery
2026-04-23T07:57:14.944000+00:00,amf_ran_ue_count,amf.open5gs.svc.cluster.local:9090,1,D_recovery
2026-04-23T07:57:44.944000+00:00,amf_ran_ue_count,amf.open5gs.svc.cluster.local:9090,1,D_recovery
2026-04-23T07:58:14.944000+00:00,amf_ran_ue_count,amf.open5gs.svc.cluster.local:9090,1,D_recovery
2026-04-23T07:58:44.944000+00:00,amf_ran_ue_count,amf.open5gs.svc.cluster.local:9090,1,D_recovery
2026-04-23T07:59:14.944000+00:00,amf_ran_ue_count,amf.open5gs.svc.cluster.local:9090,1,D_recovery
2026-04-23T07:59:44.944000+00:00,amf_ran_ue_count,amf.open5gs.svc.cluster.local:9090,1,D_recovery
2026-04-23T08:00:14.944000+00:00,amf_ran_ue_count,amf.open5gs.svc.cluster.local:9090,1,D_recovery
2026-04-23T08:00:44.944000+00:00,amf_ran_ue_count,amf.open5gs.svc.cluster.local:9090,1,D_recovery
2026-04-23T08:01:14.944000+00:00,amf_ran_ue_count,amf.open5gs.svc.cluster.local:9090,1,D_recovery
2026-04-23T08:01:44.944000+00:00,amf_ran_ue_count,amf.open5gs.svc.cluster.local:9090,1,D_recovery
2026-04-23T08:02:14.944000+00:00,amf_ran_ue_count,amf.open5gs.svc.cluster.local:9090,1,D_recovery
2026-04-23T08:02:44.944000+00:00,amf_ran_ue_count,amf.open5gs.svc.cluster.local:9090,1,D_recovery
2026-04-23T08:03:14.944000+00:00,amf_ran_ue_count,amf.open5gs.svc.cluster.local:9090,1,D_recovery
2026-04-23T08:03:44.944000+00:00,amf_ran_ue_count,amf.open5gs.svc.cluster.local:9090,1,D_recovery
2026-04-23T08:04:14.944000+00:00,amf_ran_ue_count,amf.open5gs.svc.cluster.local:9090,1,D_recovery
2026-04-23T08:04:44.944000+00:00,amf_ran_ue_count,amf.open5gs.svc.cluster.local:9090,1,D_recovery
2026-04-23T08:05:14.944000+00:00,amf_ran_ue_count,amf.open5gs.svc.cluster.local:9090,1,D_recovery
2026-04-23T08:05:44.944000+00:00,amf_ran_ue_count,amf.open5gs.svc.cluster.local:9090,1,D_recovery
2026-04-23T08:06:14.944000+00:00,amf_ran_ue_count,amf.open5gs.svc.cluster.local:9090,1,D_recovery
2026-04-23T08:06:44.944000+00:00,amf_ran_ue_count,amf.open5gs.svc.cluster.local:9090,1,D_recovery
2026-04-23T08:07:14.944000+00:00,amf_ran_ue_count,amf.open5gs.svc.cluster.local:9090,1,D_recovery
2026-04-23T08:07:44.944000+00:00,amf_ran_ue_count,amf.open5gs.svc.cluster.local:9090,1,D_recovery
2026-04-23T08:08:14.944000+00:00,amf_ran_ue_count,amf.open5gs.svc.cluster.local:9090,1,D_recovery
2026-04-23T08:08:44.944000+00:00,amf_ran_ue_count,amf.open5gs.svc.cluster.local:9090,1,D_recovery
2026-04-23T08:09:14.944000+00:00,amf_ran_ue_count,amf.open5gs.svc.cluster.local:9090,1,D_recovery
2026-04-23T08:09:44.944000+00:00,amf_ran_ue_count,amf.open5gs.svc.cluster.local:9090,1,D_recovery
2026-04-23T08:10:14.944000+00:00,amf_ran_ue_count,amf.open5gs.svc.cluster.local:9090,1,D_recovery
2026-04-23T08:10:44.944000+00:00,amf_ran_ue_count,amf.open5gs.svc.cluster.local:9090,1,D_recovery
2026-04-23T08:11:14.944000+00:00,amf_ran_ue_count,amf.open5gs.svc.cluster.local:9090,1,D_recovery
2026-04-23T08:11:44.944000+00:00,amf_ran_ue_count,amf.open5gs.svc.cluster.local:9090,1,D_recovery
2026-04-23T08:12:14.944000+00:00,amf_ran_ue_count,amf.open5gs.svc.cluster.local:9090,1,D_recovery
2026-04-23T08:12:44.944000+00:00,amf_ran_ue_count,amf.open5gs.svc.cluster.local:9090,1,D_recovery
2026-04-23T08:13:14.944000+00:00,amf_ran_ue_count,amf.open5gs.svc.cluster.local:9090,1,D_recovery
2026-04-23T08:13:44.944000+00:00,amf_ran_ue_count,amf.open5gs.svc.cluster.local:9090,1,D_recovery
2026-04-23T08:14:14.944000+00:00,amf_ran_ue_count,amf.open5gs.svc.cluster.local:9090,1,D_recovery
2026-04-23T08:14:44.944000+00:00,amf_ran_ue_count,amf.open5gs.svc.cluster.local:9090,1,D_recovery
2026-04-23T08:15:14.944000+00:00,amf_ran_ue_count,amf.open5gs.svc.cluster.local:9090,1,D_recovery
2026-04-23T08:15:44.944000+00:00,amf_ran_ue_count,amf.open5gs.svc.cluster.local:9090,1,D_recovery
2026-04-23T08:16:14.944000+00:00,amf_ran_ue_count,amf.open5gs.svc.cluster.local:9090,1,D_recovery
2026-04-23T08:18:14.944000+00:00,amf_ran_ue_count,amf.open5gs.svc.cluster.local:9090,1,D_recovery
2026-04-23T08:18:44.944000+00:00,amf_ran_ue_count,amf.open5gs.svc.cluster.local:9090,1,D_recovery
2026-04-23T08:19:14.944000+00:00,amf_ran_ue_count,amf.open5gs.svc.cluster.local:9090,1,D_recovery
2026-04-23T08:19:44.944000+00:00,amf_ran_ue_count,amf.open5gs.svc.cluster.local:9090,1,D_recovery
2026-04-23T08:20:14.944000+00:00,amf_ran_ue_count,amf.open5gs.svc.cluster.local:9090,1,D_recovery
2026-04-23T08:20:44.944000+00:00,amf_ran_ue_count,amf.open5gs.svc.cluster.local:9090,1,D_recovery
2026-04-23T08:21:14.944000+00:00,amf_ran_ue_count,amf.open5gs.svc.cluster.local:9090,1,D_recovery
2026-04-23T08:21:44.944000+00:00,amf_ran_ue_count,amf.open5gs.svc.cluster.local:9090,1,D_recovery
2026-04-23T08:22:14.944000+00:00,amf_ran_ue_count,amf.open5gs.svc.cluster.local:9090,1,D_recovery
2026-04-23T08:22:44.944000+00:00,amf_ran_ue_count,amf.open5gs.svc.cluster.local:9090,1,D_recovery
2026-04-23T08:23:14.944000+00:00,amf_ran_ue_count,amf.open5gs.svc.cluster.local:9090,1,D_recovery
2026-04-23T08:23:44.944000+00:00,amf_ran_ue_count,amf.open5gs.svc.cluster.local:9090,1,D_recovery
2026-04-23T08:24:14.944000+00:00,amf_ran_ue_count,amf.open5gs.svc.cluster.local:9090,1,D_recovery
2026-04-23T08:24:44.944000+00:00,amf_ran_ue_count,amf.open5gs.svc.cluster.local:9090,1,D_recovery
2026-04-23T08:25:14.944000+00:00,amf_ran_ue_count,amf.open5gs.svc.cluster.local:9090,1,D_recovery
2026-04-23T08:25:44.944000+00:00,amf_ran_ue_count,amf.open5gs.svc.cluster.local:9090,1,D_recovery
2026-04-23T08:26:14.944000+00:00,amf_ran_ue_count,amf.open5gs.svc.cluster.local:9090,1,D_recovery
2026-04-23T08:26:44.944000+00:00,amf_ran_ue_count,amf.open5gs.svc.cluster.local:9090,1,D_recovery
2026-04-23T08:27:14.944000+00:00,amf_ran_ue_count,amf.open5gs.svc.cluster.local:9090,1,D_recovery
2026-04-23T08:27:44.944000+00:00,amf_ran_ue_count,amf.open5gs.svc.cluster.local:9090,1,D_recovery
2026-04-23T08:28:14.944000+00:00,amf_ran_ue_count,amf.open5gs.svc.cluster.local:9090,1,D_recovery
2026-04-23T08:28:44.944000+00:00,amf_ran_ue_count,amf.open5gs.svc.cluster.local:9090,1,D_recovery
2026-04-23T08:29:14.944000+00:00,amf_ran_ue_count,amf.open5gs.svc.cluster.local:9090,1,D_recovery
2026-04-23T08:29:44.944000+00:00,amf_ran_ue_count,amf.open5gs.svc.cluster.local:9090,1,D_recovery
2026-04-23T08:30:14.944000+00:00,amf_ran_ue_count,amf.open5gs.svc.cluster.local:9090,1,D_recovery
2026-04-23T08:30:44.944000+00:00,amf_ran_ue_count,amf.open5gs.svc.cluster.local:9090,1,D_recovery
2026-04-23T08:31:14.944000+00:00,amf_ran_ue_count,amf.open5gs.svc.cluster.local:9090,1,D_recovery
2026-04-23T08:31:44.944000+00:00,amf_ran_ue_count,amf.open5gs.svc.cluster.local:9090,1,D_recovery
2026-04-23T08:32:14.944000+00:00,amf_ran_ue_count,amf.open5gs.svc.cluster.local:9090,1,D_recovery
2026-04-23T08:32:44.944000+00:00,amf_ran_ue_count,amf.open5gs.svc.cluster.local:9090,1,D_recovery
2026-04-23T08:33:14.944000+00:00,amf_ran_ue_count,amf.open5gs.svc.cluster.local:9090,1,D_recovery
2026-04-23T08:33:44.944000+00:00,amf_ran_ue_count,amf.open5gs.svc.cluster.local:9090,1,D_recovery
2026-04-23T08:34:14.944000+00:00,amf_ran_ue_count,amf.open5gs.svc.cluster.local:9090,1,D_recovery
2026-04-23T08:34:44.944000+00:00,amf_ran_ue_count,amf.open5gs.svc.cluster.local:9090,1,D_recovery
2026-04-23T08:35:14.944000+00:00,amf_ran_ue_count,amf.open5gs.svc.cluster.local:9090,1,D_recovery
2026-04-23T08:35:44.944000+00:00,amf_ran_ue_count,amf.open5gs.svc.cluster.local:9090,1,D_recovery
2026-04-23T08:36:14.944000+00:00,amf_ran_ue_count,amf.open5gs.svc.cluster.local:9090,1,D_recovery
2026-04-23T08:36:44.944000+00:00,amf_ran_ue_count,amf.open5gs.svc.cluster.local:9090,1,D_recovery
2026-04-23T08:37:14.944000+00:00,amf_ran_ue_count,amf.open5gs.svc.cluster.local:9090,1,D_recovery
2026-04-23T08:37:44.944000+00:00,amf_ran_ue_count,amf.open5gs.svc.cluster.local:9090,1,D_recovery
2026-04-23T08:38:14.944000+00:00,amf_ran_ue_count,amf.open5gs.svc.cluster.local:9090,1,D_recovery
2026-04-23T08:38:44.944000+00:00,amf_ran_ue_count,amf.open5gs.svc.cluster.local:9090,1,D_recovery
2026-04-23T08:39:14.944000+00:00,amf_ran_ue_count,amf.open5gs.svc.cluster.local:9090,1,D_recovery
2026-04-23T08:39:44.944000+00:00,amf_ran_ue_count,amf.open5gs.svc.cluster.local:9090,1,D_recovery
2026-04-23T08:40:14.944000+00:00,amf_ran_ue_count,amf.open5gs.svc.cluster.local:9090,1,D_recovery
2026-04-23T08:40:44.944000+00:00,amf_ran_ue_count,amf.open5gs.svc.cluster.local:9090,1,D_recovery
2026-04-23T08:41:14.944000+00:00,amf_ran_ue_count,amf.open5gs.svc.cluster.local:9090,1,D_recovery
2026-04-23T08:42:14.944000+00:00,amf_ran_ue_count,amf.open5gs.svc.cluster.local:9090,1,D_recovery
2026-04-23T08:42:44.944000+00:00,amf_ran_ue_count,amf.open5gs.svc.cluster.local:9090,1,D_recovery
2026-04-23T08:43:14.944000+00:00,amf_ran_ue_count,amf.open5gs.svc.cluster.local:9090,1,D_recovery
2026-04-23T08:43:44.944000+00:00,amf_ran_ue_count,amf.open5gs.svc.cluster.local:9090,1,D_recovery
2026-04-23T08:44:14.944000+00:00,amf_ran_ue_count,amf.open5gs.svc.cluster.local:9090,1,D_recovery
2026-04-23T08:44:44.944000+00:00,amf_ran_ue_count,amf.open5gs.svc.cluster.local:9090,1,D_recovery
2026-04-23T08:45:14.944000+00:00,amf_ran_ue_count,amf.open5gs.svc.cluster.local:9090,1,D_recovery
2026-04-23T08:45:44.944000+00:00,amf_ran_ue_count,amf.open5gs.svc.cluster.local:9090,1,D_recovery
2026-04-23T08:46:14.944000+00:00,amf_ran_ue_count,amf.open5gs.svc.cluster.local:9090,1,D_recovery
2026-04-23T08:46:44.944000+00:00,amf_ran_ue_count,amf.open5gs.svc.cluster.local:9090,1,D_recovery
2026-04-23T08:47:14.944000+00:00,amf_ran_ue_count,amf.open5gs.svc.cluster.local:9090,1,D_recovery
2026-04-23T08:47:44.944000+00:00,amf_ran_ue_count,amf.open5gs.svc.cluster.local:9090,1,D_recovery
2026-04-23T08:48:14.944000+00:00,amf_ran_ue_count,amf.open5gs.svc.cluster.local:9090,1,D_recovery
2026-04-23T08:48:44.944000+00:00,amf_ran_ue_count,amf.open5gs.svc.cluster.local:9090,1,D_recovery
2026-04-23T08:49:14.944000+00:00,amf_ran_ue_count,amf.open5gs.svc.cluster.local:9090,1,D_recovery
2026-04-23T08:49:44.944000+00:00,amf_ran_ue_count,amf.open5gs.svc.cluster.local:9090,1,D_recovery
2026-04-23T08:50:14.944000+00:00,amf_ran_ue_count,amf.open5gs.svc.cluster.local:9090,1,D_recovery
2026-04-23T08:50:44.944000+00:00,amf_ran_ue_count,amf.open5gs.svc.cluster.local:9090,1,D_recovery
2026-04-23T08:51:14.944000+00:00,amf_ran_ue_count,amf.open5gs.svc.cluster.local:9090,1,D_recovery
2026-04-23T08:51:44.944000+00:00,amf_ran_ue_count,amf.open5gs.svc.cluster.local:9090,1,D_recovery
2026-04-23T08:52:14.944000+00:00,amf_ran_ue_count,amf.open5gs.svc.cluster.local:9090,1,D_recovery
2026-04-23T08:52:44.944000+00:00,amf_ran_ue_count,amf.open5gs.svc.cluster.local:9090,1,D_recovery
2026-04-23T08:53:44.944000+00:00,amf_ran_ue_count,amf.open5gs.svc.cluster.local:9090,1,D_recovery
2026-04-23T08:54:14.944000+00:00,amf_ran_ue_count,amf.open5gs.svc.cluster.local:9090,1,D_recovery
2026-04-23T08:54:44.944000+00:00,amf_ran_ue_count,amf.open5gs.svc.cluster.local:9090,1,D_recovery
2026-04-23T08:55:14.944000+00:00,amf_ran_ue_count,amf.open5gs.svc.cluster.local:9090,1,D_recovery
2026-04-23T08:55:44.944000+00:00,amf_ran_ue_count,amf.open5gs.svc.cluster.local:9090,1,D_recovery
2026-04-23T08:56:14.944000+00:00,amf_ran_ue_count,amf.open5gs.svc.cluster.local:9090,1,D_recovery
2026-04-23T08:56:44.944000+00:00,amf_ran_ue_count,amf.open5gs.svc.cluster.local:9090,1,D_recovery
2026-04-23T08:57:14.944000+00:00,amf_ran_ue_count,amf.open5gs.svc.cluster.local:9090,1,D_recovery
2026-04-23T08:57:44.944000+00:00,amf_ran_ue_count,amf.open5gs.svc.cluster.local:9090,1,D_recovery
2026-04-23T08:58:14.944000+00:00,amf_ran_ue_count,amf.open5gs.svc.cluster.local:9090,1,D_recovery
2026-04-23T08:58:44.944000+00:00,amf_ran_ue_count,amf.open5gs.svc.cluster.local:9090,1,D_recovery
2026-04-23T08:59:14.944000+00:00,amf_ran_ue_count,amf.open5gs.svc.cluster.local:9090,1,D_recovery
2026-04-23T08:59:44.944000+00:00,amf_ran_ue_count,amf.open5gs.svc.cluster.local:9090,1,D_recovery
2026-04-23T09:00:14.944000+00:00,amf_ran_ue_count,amf.open5gs.svc.cluster.local:9090,1,D_recovery
2026-04-23T09:00:44.944000+00:00,amf_ran_ue_count,amf.open5gs.svc.cluster.local:9090,1,D_recovery
2026-04-23T09:01:14.944000+00:00,amf_ran_ue_count,amf.open5gs.svc.cluster.local:9090,1,D_recovery
2026-04-23T09:01:44.944000+00:00,amf_ran_ue_count,amf.open5gs.svc.cluster.local:9090,1,D_recovery
2026-04-23T09:02:14.944000+00:00,amf_ran_ue_count,amf.open5gs.svc.cluster.local:9090,1,D_recovery
2026-04-23T09:02:44.944000+00:00,amf_ran_ue_count,amf.open5gs.svc.cluster.local:9090,1,D_recovery
2026-04-23T09:03:14.944000+00:00,amf_ran_ue_count,amf.open5gs.svc.cluster.local:9090,1,D_recovery
2026-04-23T09:03:44.944000+00:00,amf_ran_ue_count,amf.open5gs.svc.cluster.local:9090,1,D_recovery
2026-04-23T09:04:14.944000+00:00,amf_ran_ue_count,amf.open5gs.svc.cluster.local:9090,1,D_recovery
2026-04-23T09:04:44.944000+00:00,amf_ran_ue_count,amf.open5gs.svc.cluster.local:9090,1,D_recovery
2026-04-23T09:05:44.944000+00:00,amf_ran_ue_count,amf.open5gs.svc.cluster.local:9090,1,D_recovery
2026-04-23T09:06:14.944000+00:00,amf_ran_ue_count,amf.open5gs.svc.cluster.local:9090,1,D_recovery
2026-04-23T09:06:44.944000+00:00,amf_ran_ue_count,amf.open5gs.svc.cluster.local:9090,1,D_recovery
2026-04-23T09:07:14.944000+00:00,amf_ran_ue_count,amf.open5gs.svc.cluster.local:9090,1,D_recovery
2026-04-23T09:07:44.944000+00:00,amf_ran_ue_count,amf.open5gs.svc.cluster.local:9090,1,D_recovery
2026-04-23T09:08:14.944000+00:00,amf_ran_ue_count,amf.open5gs.svc.cluster.local:9090,1,D_recovery
2026-04-23T09:08:44.944000+00:00,amf_ran_ue_count,amf.open5gs.svc.cluster.local:9090,1,D_recovery
2026-04-23T09:09:14.944000+00:00,amf_ran_ue_count,amf.open5gs.svc.cluster.local:9090,1,D_recovery
2026-04-23T09:09:44.944000+00:00,amf_ran_ue_count,amf.open5gs.svc.cluster.local:9090,1,D_recovery
2026-04-23T09:10:14.944000+00:00,amf_ran_ue_count,amf.open5gs.svc.cluster.local:9090,1,D_recovery
2026-04-23T09:10:44.944000+00:00,amf_ran_ue_count,amf.open5gs.svc.cluster.local:9090,1,D_recovery
2026-04-23T09:11:14.944000+00:00,amf_ran_ue_count,amf.open5gs.svc.cluster.local:9090,1,D_recovery
2026-04-23T09:11:44.944000+00:00,amf_ran_ue_count,amf.open5gs.svc.cluster.local:9090,1,D_recovery
2026-04-23T09:12:14.944000+00:00,amf_ran_ue_count,amf.open5gs.svc.cluster.local:9090,1,D_recovery
2026-04-23T09:12:44.944000+00:00,amf_ran_ue_count,amf.open5gs.svc.cluster.local:9090,1,D_recovery
2026-04-23T09:13:14.944000+00:00,amf_ran_ue_count,amf.open5gs.svc.cluster.local:9090,1,D_recovery
2026-04-23T09:13:44.944000+00:00,amf_ran_ue_count,amf.open5gs.svc.cluster.local:9090,1,D_recovery
2026-04-23T09:14:14.944000+00:00,amf_ran_ue_count,amf.open5gs.svc.cluster.local:9090,1,D_recovery
2026-04-23T09:14:44.944000+00:00,amf_ran_ue_count,amf.open5gs.svc.cluster.local:9090,1,D_recovery
2026-04-23T09:15:14.944000+00:00,amf_ran_ue_count,amf.open5gs.svc.cluster.local:9090,1,D_recovery
2026-04-23T09:15:44.944000+00:00,amf_ran_ue_count,amf.open5gs.svc.cluster.local:9090,1,D_recovery
2026-04-23T09:16:14.944000+00:00,amf_ran_ue_count,amf.open5gs.svc.cluster.local:9090,1,D_recovery
2026-04-23T09:16:44.944000+00:00,amf_ran_ue_count,amf.open5gs.svc.cluster.local:9090,1,D_recovery
2026-04-23T09:17:14.944000+00:00,amf_ran_ue_count,amf.open5gs.svc.cluster.local:9090,1,D_recovery
2026-04-23T09:17:44.944000+00:00,amf_ran_ue_count,amf.open5gs.svc.cluster.local:9090,1,D_recovery
2026-04-23T09:18:14.944000+00:00,amf_ran_ue_count,amf.open5gs.svc.cluster.local:9090,1,D_recovery
2026-04-23T09:18:44.944000+00:00,amf_ran_ue_count,amf.open5gs.svc.cluster.local:9090,1,D_recovery
2026-04-23T09:19:14.944000+00:00,amf_ran_ue_count,amf.open5gs.svc.cluster.local:9090,1,D_recovery
2026-04-23T09:19:44.944000+00:00,amf_ran_ue_count,amf.open5gs.svc.cluster.local:9090,1,D_recovery
2026-04-23T09:20:14.944000+00:00,amf_ran_ue_count,amf.open5gs.svc.cluster.local:9090,1,D_recovery
2026-04-23T09:20:44.944000+00:00,amf_ran_ue_count,amf.open5gs.svc.cluster.local:9090,1,D_recovery
2026-04-23T09:21:14.944000+00:00,amf_ran_ue_count,amf.open5gs.svc.cluster.local:9090,1,D_recovery
2026-04-23T09:21:44.944000+00:00,amf_ran_ue_count,amf.open5gs.svc.cluster.local:9090,1,D_recovery
2026-04-23T09:22:14.944000+00:00,amf_ran_ue_count,amf.open5gs.svc.cluster.local:9090,1,D_recovery
2026-04-23T09:22:44.944000+00:00,amf_ran_ue_count,amf.open5gs.svc.cluster.local:9090,1,D_recovery
2026-04-23T09:23:14.944000+00:00,amf_ran_ue_count,amf.open5gs.svc.cluster.local:9090,1,D_recovery
2026-04-23T09:23:44.944000+00:00,amf_ran_ue_count,amf.open5gs.svc.cluster.local:9090,1,D_recovery
2026-04-23T09:24:14.944000+00:00,amf_ran_ue_count,amf.open5gs.svc.cluster.local:9090,1,D_recovery
2026-04-23T09:24:44.944000+00:00,amf_ran_ue_count,amf.open5gs.svc.cluster.local:9090,1,D_recovery
2026-04-23T09:25:14.944000+00:00,amf_ran_ue_count,amf.open5gs.svc.cluster.local:9090,1,D_recovery
2026-04-23T09:25:44.944000+00:00,amf_ran_ue_count,amf.open5gs.svc.cluster.local:9090,1,D_recovery
2026-04-23T09:26:14.944000+00:00,amf_ran_ue_count,amf.open5gs.svc.cluster.local:9090,1,D_recovery
2026-04-23T09:26:44.944000+00:00,amf_ran_ue_count,amf.open5gs.svc.cluster.local:9090,1,D_recovery
2026-04-23T09:27:14.944000+00:00,amf_ran_ue_count,amf.open5gs.svc.cluster.local:9090,1,D_recovery
2026-04-23T09:27:44.944000+00:00,amf_ran_ue_count,amf.open5gs.svc.cluster.local:9090,1,D_recovery
2026-04-23T09:28:14.944000+00:00,amf_ran_ue_count,amf.open5gs.svc.cluster.local:9090,1,D_recovery
2026-04-23T09:28:44.944000+00:00,amf_ran_ue_count,amf.open5gs.svc.cluster.local:9090,1,D_recovery
2026-04-23T09:29:14.944000+00:00,amf_ran_ue_count,amf.open5gs.svc.cluster.local:9090,1,D_recovery
2026-04-23T09:29:44.944000+00:00,amf_ran_ue_count,amf.open5gs.svc.cluster.local:9090,1,D_recovery
2026-04-23T09:30:14.944000+00:00,amf_ran_ue_count,amf.open5gs.svc.cluster.local:9090,1,D_recovery
2026-04-23T09:30:44.944000+00:00,amf_ran_ue_count,amf.open5gs.svc.cluster.local:9090,1,D_recovery
2026-04-23T09:31:14.944000+00:00,amf_ran_ue_count,amf.open5gs.svc.cluster.local:9090,1,D_recovery
2026-04-23T09:31:44.944000+00:00,amf_ran_ue_count,amf.open5gs.svc.cluster.local:9090,1,D_recovery
2026-04-23T09:32:14.944000+00:00,amf_ran_ue_count,amf.open5gs.svc.cluster.local:9090,1,D_recovery
2026-04-23T09:32:44.944000+00:00,amf_ran_ue_count,amf.open5gs.svc.cluster.local:9090,1,D_recovery
2026-04-23T09:33:14.944000+00:00,amf_ran_ue_count,amf.open5gs.svc.cluster.local:9090,1,D_recovery
2026-04-23T09:33:44.944000+00:00,amf_ran_ue_count,amf.open5gs.svc.cluster.local:9090,1,D_recovery
2026-04-23T09:34:14.944000+00:00,amf_ran_ue_count,amf.open5gs.svc.cluster.local:9090,1,D_recovery
2026-04-23T09:34:44.944000+00:00,amf_ran_ue_count,amf.open5gs.svc.cluster.local:9090,1,D_recovery
2026-04-23T09:35:14.944000+00:00,amf_ran_ue_count,amf.open5gs.svc.cluster.local:9090,1,D_recovery
2026-04-23T09:35:44.944000+00:00,amf_ran_ue_count,amf.open5gs.svc.cluster.local:9090,1,D_recovery
2026-04-23T09:36:14.944000+00:00,amf_ran_ue_count,amf.open5gs.svc.cluster.local:9090,1,D_recovery
2026-04-23T09:36:44.944000+00:00,amf_ran_ue_count,amf.open5gs.svc.cluster.local:9090,1,D_recovery
2026-04-23T09:37:14.944000+00:00,amf_ran_ue_count,amf.open5gs.svc.cluster.local:9090,1,D_recovery
2026-04-23T09:37:44.944000+00:00,amf_ran_ue_count,amf.open5gs.svc.cluster.local:9090,1,D_recovery
2026-04-23T09:38:14.944000+00:00,amf_ran_ue_count,amf.open5gs.svc.cluster.local:9090,1,D_recovery
2026-04-23T09:38:44.944000+00:00,amf_ran_ue_count,amf.open5gs.svc.cluster.local:9090,1,D_recovery
2026-04-23T09:39:14.944000+00:00,amf_ran_ue_count,amf.open5gs.svc.cluster.local:9090,1,D_recovery
2026-04-23T09:39:44.944000+00:00,amf_ran_ue_count,amf.open5gs.svc.cluster.local:9090,1,D_recovery
2026-04-23T09:40:14.944000+00:00,amf_ran_ue_count,amf.open5gs.svc.cluster.local:9090,1,D_recovery
2026-04-23T09:40:44.944000+00:00,amf_ran_ue_count,amf.open5gs.svc.cluster.local:9090,1,D_recovery
2026-04-23T09:41:14.944000+00:00,amf_ran_ue_count,amf.open5gs.svc.cluster.local:9090,1,D_recovery
2026-04-23T09:41:44.944000+00:00,amf_ran_ue_count,amf.open5gs.svc.cluster.local:9090,1,D_recovery
2026-04-23T09:42:14.944000+00:00,amf_ran_ue_count,amf.open5gs.svc.cluster.local:9090,1,D_recovery
2026-04-23T09:42:44.944000+00:00,amf_ran_ue_count,amf.open5gs.svc.cluster.local:9090,1,D_recovery
2026-04-23T09:43:14.944000+00:00,amf_ran_ue_count,amf.open5gs.svc.cluster.local:9090,1,D_recovery
2026-04-23T09:43:44.944000+00:00,amf_ran_ue_count,amf.open5gs.svc.cluster.local:9090,1,D_recovery
2026-04-23T09:44:14.944000+00:00,amf_ran_ue_count,amf.open5gs.svc.cluster.local:9090,1,D_recovery
2026-04-23T09:44:44.944000+00:00,amf_ran_ue_count,amf.open5gs.svc.cluster.local:9090,1,D_recovery
2026-04-23T09:45:14.944000+00:00,amf_ran_ue_count,amf.open5gs.svc.cluster.local:9090,1,D_recovery
2026-04-23T09:45:44.944000+00:00,amf_ran_ue_count,amf.open5gs.svc.cluster.local:9090,1,D_recovery
2026-04-23T09:46:14.944000+00:00,amf_ran_ue_count,amf.open5gs.svc.cluster.local:9090,1,D_recovery
2026-04-23T09:46:44.944000+00:00,amf_ran_ue_count,amf.open5gs.svc.cluster.local:9090,1,D_recovery
2026-04-23T09:47:14.944000+00:00,amf_ran_ue_count,amf.open5gs.svc.cluster.local:9090,1,D_recovery
2026-04-23T09:47:44.944000+00:00,amf_ran_ue_count,amf.open5gs.svc.cluster.local:9090,1,D_recovery
2026-04-23T09:48:14.944000+00:00,amf_ran_ue_count,amf.open5gs.svc.cluster.local:9090,1,D_recovery
2026-04-23T09:48:44.944000+00:00,amf_ran_ue_count,amf.open5gs.svc.cluster.local:9090,1,D_recovery
2026-04-23T09:49:14.944000+00:00,amf_ran_ue_count,amf.open5gs.svc.cluster.local:9090,1,D_recovery
2026-04-23T09:49:44.944000+00:00,amf_ran_ue_count,amf.open5gs.svc.cluster.local:9090,1,D_recovery
2026-04-23T09:50:14.944000+00:00,amf_ran_ue_count,amf.open5gs.svc.cluster.local:9090,1,D_recovery
2026-04-23T09:50:44.944000+00:00,amf_ran_ue_count,amf.open5gs.svc.cluster.local:9090,1,D_recovery
2026-04-23T09:51:14.944000+00:00,amf_ran_ue_count,amf.open5gs.svc.cluster.local:9090,1,D_recovery
2026-04-23T09:51:44.944000+00:00,amf_ran_ue_count,amf.open5gs.svc.cluster.local:9090,1,D_recovery
2026-04-23T09:52:14.944000+00:00,amf_ran_ue_count,amf.open5gs.svc.cluster.local:9090,1,D_recovery
2026-04-23T09:52:44.944000+00:00,amf_ran_ue_count,amf.open5gs.svc.cluster.local:9090,1,D_recovery
2026-04-23T09:53:14.944000+00:00,amf_ran_ue_count,amf.open5gs.svc.cluster.local:9090,1,D_recovery
2026-04-23T09:53:44.944000+00:00,amf_ran_ue_count,amf.open5gs.svc.cluster.local:9090,1,D_recovery
2026-04-23T09:54:14.944000+00:00,amf_ran_ue_count,amf.open5gs.svc.cluster.local:9090,1,D_recovery
2026-04-23T09:54:44.944000+00:00,amf_ran_ue_count,amf.open5gs.svc.cluster.local:9090,1,D_recovery
2026-04-23T09:55:14.944000+00:00,amf_ran_ue_count,amf.open5gs.svc.cluster.local:9090,1,D_recovery
2026-04-23T09:55:44.944000+00:00,amf_ran_ue_count,amf.open5gs.svc.cluster.local:9090,1,D_recovery
2026-04-23T09:56:14.944000+00:00,amf_ran_ue_count,amf.open5gs.svc.cluster.local:9090,1,D_recovery
2026-04-23T09:56:44.944000+00:00,amf_ran_ue_count,amf.open5gs.svc.cluster.local:9090,1,D_recovery
2026-04-23T09:57:14.944000+00:00,amf_ran_ue_count,amf.open5gs.svc.cluster.local:9090,1,D_recovery
2026-04-23T09:57:44.944000+00:00,amf_ran_ue_count,amf.open5gs.svc.cluster.local:9090,1,D_recovery
2026-04-23T09:58:14.944000+00:00,amf_ran_ue_count,amf.open5gs.svc.cluster.local:9090,1,D_recovery
2026-04-23T09:58:44.944000+00:00,amf_ran_ue_count,amf.open5gs.svc.cluster.local:9090,1,D_recovery
2026-04-23T09:59:14.944000+00:00,amf_ran_ue_count,amf.open5gs.svc.cluster.local:9090,1,D_recovery
2026-04-23T09:59:44.944000+00:00,amf_ran_ue_count,amf.open5gs.svc.cluster.local:9090,1,D_recovery
2026-04-23T10:00:14.944000+00:00,amf_ran_ue_count,amf.open5gs.svc.cluster.local:9090,1,D_recovery
2026-04-23T10:00:44.944000+00:00,amf_ran_ue_count,amf.open5gs.svc.cluster.local:9090,1,D_recovery
2026-04-23T10:01:14.944000+00:00,amf_ran_ue_count,amf.open5gs.svc.cluster.local:9090,1,D_recovery
2026-04-23T10:01:44.944000+00:00,amf_ran_ue_count,amf.open5gs.svc.cluster.local:9090,1,D_recovery
2026-04-23T10:02:14.944000+00:00,amf_ran_ue_count,amf.open5gs.svc.cluster.local:9090,1,D_recovery
2026-04-23T10:02:44.944000+00:00,amf_ran_ue_count,amf.open5gs.svc.cluster.local:9090,1,D_recovery
2026-04-23T10:03:14.944000+00:00,amf_ran_ue_count,amf.open5gs.svc.cluster.local:9090,1,D_recovery
2026-04-23T10:03:44.944000+00:00,amf_ran_ue_count,amf.open5gs.svc.cluster.local:9090,1,D_recovery
2026-04-23T10:04:14.944000+00:00,amf_ran_ue_count,amf.open5gs.svc.cluster.local:9090,1,D_recovery
2026-04-23T10:04:44.944000+00:00,amf_ran_ue_count,amf.open5gs.svc.cluster.local:9090,1,D_recovery
2026-04-23T10:05:14.944000+00:00,amf_ran_ue_count,amf.open5gs.svc.cluster.local:9090,1,D_recovery
2026-04-23T10:05:44.944000+00:00,amf_ran_ue_count,amf.open5gs.svc.cluster.local:9090,1,D_recovery
2026-04-23T10:06:14.944000+00:00,amf_ran_ue_count,amf.open5gs.svc.cluster.local:9090,1,D_recovery
2026-04-23T10:06:44.944000+00:00,amf_ran_ue_count,amf.open5gs.svc.cluster.local:9090,1,D_recovery
2026-04-23T10:07:14.944000+00:00,amf_ran_ue_count,amf.open5gs.svc.cluster.local:9090,1,D_recovery
2026-04-23T10:07:44.944000+00:00,amf_ran_ue_count,amf.open5gs.svc.cluster.local:9090,1,D_recovery
2026-04-23T10:08:14.944000+00:00,amf_ran_ue_count,amf.open5gs.svc.cluster.local:9090,1,D_recovery
2026-04-23T10:08:44.944000+00:00,amf_ran_ue_count,amf.open5gs.svc.cluster.local:9090,1,D_recovery
2026-04-23T10:09:14.944000+00:00,amf_ran_ue_count,amf.open5gs.svc.cluster.local:9090,1,D_recovery
2026-04-23T10:09:44.944000+00:00,amf_ran_ue_count,amf.open5gs.svc.cluster.local:9090,1,D_recovery
2026-04-23T10:10:14.944000+00:00,amf_ran_ue_count,amf.open5gs.svc.cluster.local:9090,1,D_recovery
2026-04-23T10:10:44.944000+00:00,amf_ran_ue_count,amf.open5gs.svc.cluster.local:9090,1,D_recovery
2026-04-23T10:11:14.944000+00:00,amf_ran_ue_count,amf.open5gs.svc.cluster.local:9090,1,D_recovery
2026-04-23T10:11:44.944000+00:00,amf_ran_ue_count,amf.open5gs.svc.cluster.local:9090,1,D_recovery
2026-04-23T10:12:14.944000+00:00,amf_ran_ue_count,amf.open5gs.svc.cluster.local:9090,1,D_recovery
2026-04-23T10:12:44.944000+00:00,amf_ran_ue_count,amf.open5gs.svc.cluster.local:9090,1,D_recovery
2026-04-23T10:13:14.944000+00:00,amf_ran_ue_count,amf.open5gs.svc.cluster.local:9090,1,D_recovery
2026-04-23T10:13:44.944000+00:00,amf_ran_ue_count,amf.open5gs.svc.cluster.local:9090,1,D_recovery
2026-04-23T10:14:14.944000+00:00,amf_ran_ue_count,amf.open5gs.svc.cluster.local:9090,1,D_recovery
2026-04-23T10:14:44.944000+00:00,amf_ran_ue_count,amf.open5gs.svc.cluster.local:9090,1,D_recovery
2026-04-23T10:15:14.944000+00:00,amf_ran_ue_count,amf.open5gs.svc.cluster.local:9090,1,D_recovery
2026-04-23T10:15:44.944000+00:00,amf_ran_ue_count,amf.open5gs.svc.cluster.local:9090,1,D_recovery
2026-04-23T10:16:14.944000+00:00,amf_ran_ue_count,amf.open5gs.svc.cluster.local:9090,1,D_recovery
2026-04-23T10:16:44.944000+00:00,amf_ran_ue_count,amf.open5gs.svc.cluster.local:9090,1,D_recovery
2026-04-23T10:17:14.944000+00:00,amf_ran_ue_count,amf.open5gs.svc.cluster.local:9090,1,D_recovery
2026-04-23T10:17:44.944000+00:00,amf_ran_ue_count,amf.open5gs.svc.cluster.local:9090,1,D_recovery
2026-04-23T10:18:14.944000+00:00,amf_ran_ue_count,amf.open5gs.svc.cluster.local:9090,1,D_recovery
2026-04-23T10:18:44.944000+00:00,amf_ran_ue_count,amf.open5gs.svc.cluster.local:9090,1,D_recovery
2026-04-23T10:19:14.944000+00:00,amf_ran_ue_count,amf.open5gs.svc.cluster.local:9090,1,D_recovery
2026-04-23T10:19:44.944000+00:00,amf_ran_ue_count,amf.open5gs.svc.cluster.local:9090,1,D_recovery
2026-04-23T10:20:14.944000+00:00,amf_ran_ue_count,amf.open5gs.svc.cluster.local:9090,1,D_recovery
2026-04-23T10:20:44.944000+00:00,amf_ran_ue_count,amf.open5gs.svc.cluster.local:9090,1,D_recovery
2026-04-23T10:21:14.944000+00:00,amf_ran_ue_count,amf.open5gs.svc.cluster.local:9090,1,D_recovery
2026-04-23T10:21:44.944000+00:00,amf_ran_ue_count,amf.open5gs.svc.cluster.local:9090,1,D_recovery
2026-04-23T10:22:14.944000+00:00,amf_ran_ue_count,amf.open5gs.svc.cluster.local:9090,1,D_recovery
2026-04-23T10:22:44.944000+00:00,amf_ran_ue_count,amf.open5gs.svc.cluster.local:9090,1,D_recovery
2026-04-23T10:23:14.944000+00:00,amf_ran_ue_count,amf.open5gs.svc.cluster.local:9090,1,D_recovery
2026-04-23T10:23:44.944000+00:00,amf_ran_ue_count,amf.open5gs.svc.cluster.local:9090,1,D_recovery
2026-04-23T10:24:14.944000+00:00,amf_ran_ue_count,amf.open5gs.svc.cluster.local:9090,1,D_recovery
2026-04-23T10:24:44.944000+00:00,amf_ran_ue_count,amf.open5gs.svc.cluster.local:9090,1,D_recovery
2026-04-23T10:25:14.944000+00:00,amf_ran_ue_count,amf.open5gs.svc.cluster.local:9090,1,D_recovery
2026-04-23T10:25:44.944000+00:00,amf_ran_ue_count,amf.open5gs.svc.cluster.local:9090,1,D_recovery
2026-04-23T10:26:14.944000+00:00,amf_ran_ue_count,amf.open5gs.svc.cluster.local:9090,1,D_recovery
2026-04-23T10:26:44.944000+00:00,amf_ran_ue_count,amf.open5gs.svc.cluster.local:9090,1,D_recovery
2026-04-23T10:27:14.944000+00:00,amf_ran_ue_count,amf.open5gs.svc.cluster.local:9090,1,D_recovery
2026-04-23T10:27:44.944000+00:00,amf_ran_ue_count,amf.open5gs.svc.cluster.local:9090,1,D_recovery
2026-04-23T10:28:14.944000+00:00,amf_ran_ue_count,amf.open5gs.svc.cluster.local:9090,1,D_recovery
2026-04-23T10:28:44.944000+00:00,amf_ran_ue_count,amf.open5gs.svc.cluster.local:9090,1,D_recovery
2026-04-23T10:29:14.944000+00:00,amf_ran_ue_count,amf.open5gs.svc.cluster.local:9090,1,D_recovery
2026-04-23T10:29:44.944000+00:00,amf_ran_ue_count,amf.open5gs.svc.cluster.local:9090,1,D_recovery
2026-04-23T10:30:14.944000+00:00,amf_ran_ue_count,amf.open5gs.svc.cluster.local:9090,1,D_recovery
2026-04-23T10:30:44.944000+00:00,amf_ran_ue_count,amf.open5gs.svc.cluster.local:9090,1,D_recovery
2026-04-23T10:31:14.944000+00:00,amf_ran_ue_count,amf.open5gs.svc.cluster.local:9090,1,D_recovery
2026-04-23T10:31:44.944000+00:00,amf_ran_ue_count,amf.open5gs.svc.cluster.local:9090,1,D_recovery
2026-04-23T10:32:14.944000+00:00,amf_ran_ue_count,amf.open5gs.svc.cluster.local:9090,1,D_recovery
2026-04-23T10:32:44.944000+00:00,amf_ran_ue_count,amf.open5gs.svc.cluster.local:9090,1,D_recovery
2026-04-23T10:33:14.944000+00:00,amf_ran_ue_count,amf.open5gs.svc.cluster.local:9090,1,D_recovery
2026-04-23T10:33:44.944000+00:00,amf_ran_ue_count,amf.open5gs.svc.cluster.local:9090,1,D_recovery
2026-04-23T10:34:14.944000+00:00,amf_ran_ue_count,amf.open5gs.svc.cluster.local:9090,1,D_recovery
2026-04-23T10:34:44.944000+00:00,amf_ran_ue_count,amf.open5gs.svc.cluster.local:9090,1,D_recovery
2026-04-23T10:35:14.944000+00:00,amf_ran_ue_count,amf.open5gs.svc.cluster.local:9090,1,D_recovery
2026-04-23T10:35:44.944000+00:00,amf_ran_ue_count,amf.open5gs.svc.cluster.local:9090,1,D_recovery
2026-04-23T10:36:14.944000+00:00,amf_ran_ue_count,amf.open5gs.svc.cluster.local:9090,1,D_recovery
2026-04-23T10:36:44.944000+00:00,amf_ran_ue_count,amf.open5gs.svc.cluster.local:9090,1,D_recovery
2026-04-23T10:37:14.944000+00:00,amf_ran_ue_count,amf.open5gs.svc.cluster.local:9090,1,D_recovery
2026-04-23T10:37:44.944000+00:00,amf_ran_ue_count,amf.open5gs.svc.cluster.local:9090,1,D_recovery
2026-04-23T10:38:14.944000+00:00,amf_ran_ue_count,amf.open5gs.svc.cluster.local:9090,1,D_recovery
2026-04-23T10:38:44.944000+00:00,amf_ran_ue_count,amf.open5gs.svc.cluster.local:9090,1,D_recovery
2026-04-23T10:39:14.944000+00:00,amf_ran_ue_count,amf.open5gs.svc.cluster.local:9090,1,D_recovery
2026-04-23T10:39:44.944000+00:00,amf_ran_ue_count,amf.open5gs.svc.cluster.local:9090,1,D_recovery
2026-04-23T10:40:14.944000+00:00,amf_ran_ue_count,amf.open5gs.svc.cluster.local:9090,1,D_recovery
2026-04-23T10:40:44.944000+00:00,amf_ran_ue_count,amf.open5gs.svc.cluster.local:9090,1,D_recovery
2026-04-23T10:41:14.944000+00:00,amf_ran_ue_count,amf.open5gs.svc.cluster.local:9090,1,D_recovery
2026-04-23T10:41:44.944000+00:00,amf_ran_ue_count,amf.open5gs.svc.cluster.local:9090,1,D_recovery
2026-04-23T10:42:14.944000+00:00,amf_ran_ue_count,amf.open5gs.svc.cluster.local:9090,1,D_recovery
2026-04-23T10:42:44.944000+00:00,amf_ran_ue_count,amf.open5gs.svc.cluster.local:9090,1,D_recovery
2026-04-23T10:43:14.944000+00:00,amf_ran_ue_count,amf.open5gs.svc.cluster.local:9090,1,D_recovery
2026-04-23T10:43:44.944000+00:00,amf_ran_ue_count,amf.open5gs.svc.cluster.local:9090,1,D_recovery
2026-04-23T10:44:14.944000+00:00,amf_ran_ue_count,amf.open5gs.svc.cluster.local:9090,1,D_recovery
2026-04-23T10:44:44.944000+00:00,amf_ran_ue_count,amf.open5gs.svc.cluster.local:9090,1,D_recovery
2026-04-23T10:45:14.944000+00:00,amf_ran_ue_count,amf.open5gs.svc.cluster.local:9090,1,D_recovery
2026-04-23T10:45:44.944000+00:00,amf_ran_ue_count,amf.open5gs.svc.cluster.local:9090,1,D_recovery
2026-04-23T10:46:14.944000+00:00,amf_ran_ue_count,amf.open5gs.svc.cluster.local:9090,1,D_recovery
2026-04-23T10:46:44.944000+00:00,amf_ran_ue_count,amf.open5gs.svc.cluster.local:9090,1,D_recovery
2026-04-23T10:47:14.944000+00:00,amf_ran_ue_count,amf.open5gs.svc.cluster.local:9090,1,D_recovery
2026-04-23T10:47:44.944000+00:00,amf_ran_ue_count,amf.open5gs.svc.cluster.local:9090,1,D_recovery
2026-04-23T10:48:14.944000+00:00,amf_ran_ue_count,amf.open5gs.svc.cluster.local:9090,1,D_recovery
2026-04-23T10:48:44.944000+00:00,amf_ran_ue_count,amf.open5gs.svc.cluster.local:9090,1,D_recovery
2026-04-23T10:49:14.944000+00:00,amf_ran_ue_count,amf.open5gs.svc.cluster.local:9090,1,D_recovery
2026-04-23T10:57:44.944000+00:00,amf_ran_ue_count,amf.open5gs.svc.cluster.local:9090,1,D_recovery
2026-04-23T10:58:14.944000+00:00,amf_ran_ue_count,amf.open5gs.svc.cluster.local:9090,1,D_recovery
2026-04-23T10:58:44.944000+00:00,amf_ran_ue_count,amf.open5gs.svc.cluster.local:9090,1,D_recovery
2026-04-23T10:59:14.944000+00:00,amf_ran_ue_count,amf.open5gs.svc.cluster.local:9090,1,D_recovery
2026-04-23T10:59:44.944000+00:00,amf_ran_ue_count,amf.open5gs.svc.cluster.local:9090,1,D_recovery
2026-04-23T11:00:14.944000+00:00,amf_ran_ue_count,amf.open5gs.svc.cluster.local:9090,1,D_recovery
2026-04-23T11:00:44.944000+00:00,amf_ran_ue_count,amf.open5gs.svc.cluster.local:9090,1,D_recovery
2026-04-23T11:01:14.944000+00:00,amf_ran_ue_count,amf.open5gs.svc.cluster.local:9090,1,D_recovery
2026-04-23T11:01:44.944000+00:00,amf_ran_ue_count,amf.open5gs.svc.cluster.local:9090,1,D_recovery
2026-04-23T11:02:14.944000+00:00,amf_ran_ue_count,amf.open5gs.svc.cluster.local:9090,1,D_recovery
2026-04-23T11:02:44.944000+00:00,amf_ran_ue_count,amf.open5gs.svc.cluster.local:9090,1,D_recovery
2026-04-23T11:31:44.944000+00:00,amf_ran_ue_count,amf.open5gs.svc.cluster.local:9090,1,D_recovery
2026-04-23T11:32:14.944000+00:00,amf_ran_ue_count,amf.open5gs.svc.cluster.local:9090,1,D_recovery
2026-04-23T11:32:44.944000+00:00,amf_ran_ue_count,amf.open5gs.svc.cluster.local:9090,1,D_recovery
2026-04-23T11:33:14.944000+00:00,amf_ran_ue_count,amf.open5gs.svc.cluster.local:9090,1,D_recovery
2026-04-23T11:33:44.944000+00:00,amf_ran_ue_count,amf.open5gs.svc.cluster.local:9090,1,D_recovery
2026-04-23T11:34:14.944000+00:00,amf_ran_ue_count,amf.open5gs.svc.cluster.local:9090,1,D_recovery
2026-04-23T11:34:44.944000+00:00,amf_ran_ue_count,amf.open5gs.svc.cluster.local:9090,1,D_recovery
2026-04-23T11:35:14.944000+00:00,amf_ran_ue_count,amf.open5gs.svc.cluster.local:9090,1,D_recovery
2026-04-23T11:35:44.944000+00:00,amf_ran_ue_count,amf.open5gs.svc.cluster.local:9090,1,D_recovery
2026-04-23T11:36:14.944000+00:00,amf_ran_ue_count,amf.open5gs.svc.cluster.local:9090,1,D_recovery
2026-04-23T11:36:44.944000+00:00,amf_ran_ue_count,amf.open5gs.svc.cluster.local:9090,1,D_recovery
2026-04-23T11:37:14.944000+00:00,amf_ran_ue_count,amf.open5gs.svc.cluster.local:9090,1,D_recovery
2026-04-23T11:37:44.944000+00:00,amf_ran_ue_count,amf.open5gs.svc.cluster.local:9090,1,D_recovery
2026-04-23T11:38:14.944000+00:00,amf_ran_ue_count,amf.open5gs.svc.cluster.local:9090,1,D_recovery
2026-04-23T11:38:44.944000+00:00,amf_ran_ue_count,amf.open5gs.svc.cluster.local:9090,1,D_recovery
2026-04-23T11:39:14.944000+00:00,amf_ran_ue_count,amf.open5gs.svc.cluster.local:9090,1,D_recovery
2026-04-23T11:39:44.944000+00:00,amf_ran_ue_count,amf.open5gs.svc.cluster.local:9090,1,D_recovery
2026-04-23T11:40:14.944000+00:00,amf_ran_ue_count,amf.open5gs.svc.cluster.local:9090,1,D_recovery
2026-04-23T11:40:44.944000+00:00,amf_ran_ue_count,amf.open5gs.svc.cluster.local:9090,1,D_recovery
2026-04-23T11:41:14.944000+00:00,amf_ran_ue_count,amf.open5gs.svc.cluster.local:9090,1,D_recovery
2026-04-23T11:41:44.944000+00:00,amf_ran_ue_count,amf.open5gs.svc.cluster.local:9090,1,D_recovery
2026-04-23T11:42:14.944000+00:00,amf_ran_ue_count,amf.open5gs.svc.cluster.local:9090,1,D_recovery
2026-04-23T11:42:44.944000+00:00,amf_ran_ue_count,amf.open5gs.svc.cluster.local:9090,1,D_recovery
2026-04-23T11:43:14.944000+00:00,amf_ran_ue_count,amf.open5gs.svc.cluster.local:9090,1,D_recovery
2026-04-23T11:43:44.944000+00:00,amf_ran_ue_count,amf.open5gs.svc.cluster.local:9090,1,D_recovery
2026-04-23T11:44:14.944000+00:00,amf_ran_ue_count,amf.open5gs.svc.cluster.local:9090,1,D_recovery
2026-04-23T11:44:44.944000+00:00,amf_ran_ue_count,amf.open5gs.svc.cluster.local:9090,1,D_recovery
2026-04-23T11:45:14.944000+00:00,amf_ran_ue_count,amf.open5gs.svc.cluster.local:9090,1,D_recovery
2026-04-23T11:45:44.944000+00:00,amf_ran_ue_count,amf.open5gs.svc.cluster.local:9090,1,D_recovery
2026-04-23T11:46:14.944000+00:00,amf_ran_ue_count,amf.open5gs.svc.cluster.local:9090,1,D_recovery
2026-04-23T11:46:44.944000+00:00,amf_ran_ue_count,amf.open5gs.svc.cluster.local:9090,1,D_recovery
2026-04-23T11:47:14.944000+00:00,amf_ran_ue_count,amf.open5gs.svc.cluster.local:9090,1,D_recovery
2026-04-23T11:47:44.944000+00:00,amf_ran_ue_count,amf.open5gs.svc.cluster.local:9090,1,D_recovery
2026-04-23T11:48:14.944000+00:00,amf_ran_ue_count,amf.open5gs.svc.cluster.local:9090,1,D_recovery
2026-04-23T11:48:44.944000+00:00,amf_ran_ue_count,amf.open5gs.svc.cluster.local:9090,1,D_recovery
2026-04-23T11:49:14.944000+00:00,amf_ran_ue_count,amf.open5gs.svc.cluster.local:9090,1,D_recovery
2026-04-23T11:49:44.944000+00:00,amf_ran_ue_count,amf.open5gs.svc.cluster.local:9090,1,D_recovery
2026-04-23T11:50:14.944000+00:00,amf_ran_ue_count,amf.open5gs.svc.cluster.local:9090,1,D_recovery
2026-04-23T11:50:44.944000+00:00,amf_ran_ue_count,amf.open5gs.svc.cluster.local:9090,1,D_recovery
2026-04-23T11:51:14.944000+00:00,amf_ran_ue_count,amf.open5gs.svc.cluster.local:9090,1,D_recovery
2026-04-23T11:51:44.944000+00:00,amf_ran_ue_count,amf.open5gs.svc.cluster.local:9090,1,D_recovery
2026-04-23T11:52:14.944000+00:00,amf_ran_ue_count,amf.open5gs.svc.cluster.local:9090,1,D_recovery
2026-04-23T11:52:44.944000+00:00,amf_ran_ue_count,amf.open5gs.svc.cluster.local:9090,1,D_recovery
2026-04-23T11:53:14.944000+00:00,amf_ran_ue_count,amf.open5gs.svc.cluster.local:9090,1,D_recovery
2026-04-23T11:54:14.944000+00:00,amf_ran_ue_count,amf.open5gs.svc.cluster.local:9090,1,D_recovery
2026-04-23T11:54:44.944000+00:00,amf_ran_ue_count,amf.open5gs.svc.cluster.local:9090,1,D_recovery
2026-04-23T11:55:14.944000+00:00,amf_ran_ue_count,amf.open5gs.svc.cluster.local:9090,1,D_recovery
2026-04-23T11:55:44.944000+00:00,amf_ran_ue_count,amf.open5gs.svc.cluster.local:9090,1,D_recovery
2026-04-23T11:56:14.944000+00:00,amf_ran_ue_count,amf.open5gs.svc.cluster.local:9090,1,D_recovery
2026-04-23T11:56:44.944000+00:00,amf_ran_ue_count,amf.open5gs.svc.cluster.local:9090,1,D_recovery
2026-04-23T11:57:14.944000+00:00,amf_ran_ue_count,amf.open5gs.svc.cluster.local:9090,1,D_recovery
2026-04-23T11:57:44.944000+00:00,amf_ran_ue_count,amf.open5gs.svc.cluster.local:9090,1,D_recovery
2026-04-23T11:58:14.944000+00:00,amf_ran_ue_count,amf.open5gs.svc.cluster.local:9090,1,D_recovery
2026-04-23T11:58:44.944000+00:00,amf_ran_ue_count,amf.open5gs.svc.cluster.local:9090,1,D_recovery
2026-04-23T11:59:14.944000+00:00,amf_ran_ue_count,amf.open5gs.svc.cluster.local:9090,1,D_recovery
2026-04-23T11:59:44.944000+00:00,amf_ran_ue_count,amf.open5gs.svc.cluster.local:9090,1,D_recovery
2026-04-23T12:00:14.944000+00:00,amf_ran_ue_count,amf.open5gs.svc.cluster.local:9090,1,D_recovery
2026-04-23T12:00:44.944000+00:00,amf_ran_ue_count,amf.open5gs.svc.cluster.local:9090,1,D_recovery
2026-04-23T12:04:44.944000+00:00,amf_ran_ue_count,amf.open5gs.svc.cluster.local:9090,1,D_recovery
2026-04-23T12:05:14.944000+00:00,amf_ran_ue_count,amf.open5gs.svc.cluster.local:9090,1,D_recovery
2026-04-23T12:05:44.944000+00:00,amf_ran_ue_count,amf.open5gs.svc.cluster.local:9090,1,D_recovery
2026-04-23T12:06:14.944000+00:00,amf_ran_ue_count,amf.open5gs.svc.cluster.local:9090,1,D_recovery
2026-04-23T12:06:44.944000+00:00,amf_ran_ue_count,amf.open5gs.svc.cluster.local:9090,1,D_recovery
2026-04-23T12:07:14.944000+00:00,amf_ran_ue_count,amf.open5gs.svc.cluster.local:9090,1,D_recovery
2026-04-23T12:07:44.944000+00:00,amf_ran_ue_count,amf.open5gs.svc.cluster.local:9090,1,D_recovery
2026-04-23T12:08:14.944000+00:00,amf_ran_ue_count,amf.open5gs.svc.cluster.local:9090,1,D_recovery
2026-04-23T12:08:44.944000+00:00,amf_ran_ue_count,amf.open5gs.svc.cluster.local:9090,1,D_recovery
2026-04-23T12:09:14.944000+00:00,amf_ran_ue_count,amf.open5gs.svc.cluster.local:9090,1,D_recovery
2026-04-23T12:09:44.944000+00:00,amf_ran_ue_count,amf.open5gs.svc.cluster.local:9090,1,D_recovery
2026-04-23T12:10:14.944000+00:00,amf_ran_ue_count,amf.open5gs.svc.cluster.local:9090,1,D_recovery
2026-04-23T12:10:44.944000+00:00,amf_ran_ue_count,amf.open5gs.svc.cluster.local:9090,1,D_recovery
2026-04-23T12:11:14.944000+00:00,amf_ran_ue_count,amf.open5gs.svc.cluster.local:9090,1,D_recovery
2026-04-23T12:11:44.944000+00:00,amf_ran_ue_count,amf.open5gs.svc.cluster.local:9090,1,D_recovery
2026-04-23T12:12:14.944000+00:00,amf_ran_ue_count,amf.open5gs.svc.cluster.local:9090,1,D_recovery
2026-04-23T12:12:44.944000+00:00,amf_ran_ue_count,amf.open5gs.svc.cluster.local:9090,1,D_recovery
2026-04-23T12:13:14.944000+00:00,amf_ran_ue_count,amf.open5gs.svc.cluster.local:9090,1,D_recovery
2026-04-23T12:13:44.944000+00:00,amf_ran_ue_count,amf.open5gs.svc.cluster.local:9090,1,D_recovery
2026-04-23T12:14:14.944000+00:00,amf_ran_ue_count,amf.open5gs.svc.cluster.local:9090,1,D_recovery
2026-04-23T12:14:44.944000+00:00,amf_ran_ue_count,amf.open5gs.svc.cluster.local:9090,1,D_recovery
2026-04-23T12:15:14.944000+00:00,amf_ran_ue_count,amf.open5gs.svc.cluster.local:9090,1,D_recovery
2026-04-23T12:15:44.944000+00:00,amf_ran_ue_count,amf.open5gs.svc.cluster.local:9090,1,D_recovery
2026-04-23T12:16:14.944000+00:00,amf_ran_ue_count,amf.open5gs.svc.cluster.local:9090,1,D_recovery
2026-04-23T12:16:44.944000+00:00,amf_ran_ue_count,amf.open5gs.svc.cluster.local:9090,1,D_recovery
2026-04-23T12:17:14.944000+00:00,amf_ran_ue_count,amf.open5gs.svc.cluster.local:9090,1,D_recovery
2026-04-23T12:17:44.944000+00:00,amf_ran_ue_count,amf.open5gs.svc.cluster.local:9090,1,D_recovery
2026-04-23T12:18:14.944000+00:00,amf_ran_ue_count,amf.open5gs.svc.cluster.local:9090,1,D_recovery
2026-04-23T12:18:44.944000+00:00,amf_ran_ue_count,amf.open5gs.svc.cluster.local:9090,1,D_recovery
2026-04-23T12:19:14.944000+00:00,amf_ran_ue_count,amf.open5gs.svc.cluster.local:9090,1,D_recovery
2026-04-23T12:19:44.944000+00:00,amf_ran_ue_count,amf.open5gs.svc.cluster.local:9090,1,D_recovery
2026-04-23T12:20:14.944000+00:00,amf_ran_ue_count,amf.open5gs.svc.cluster.local:9090,1,D_recovery
2026-04-23T12:20:44.944000+00:00,amf_ran_ue_count,amf.open5gs.svc.cluster.local:9090,1,D_recovery
2026-04-23T12:21:14.944000+00:00,amf_ran_ue_count,amf.open5gs.svc.cluster.local:9090,1,D_recovery
2026-04-23T12:21:44.944000+00:00,amf_ran_ue_count,amf.open5gs.svc.cluster.local:9090,1,D_recovery
2026-04-23T12:22:14.944000+00:00,amf_ran_ue_count,amf.open5gs.svc.cluster.local:9090,1,D_recovery
2026-04-23T12:22:44.944000+00:00,amf_ran_ue_count,amf.open5gs.svc.cluster.local:9090,1,D_recovery
2026-04-23T12:23:14.944000+00:00,amf_ran_ue_count,amf.open5gs.svc.cluster.local:9090,1,D_recovery
2026-04-23T12:23:44.944000+00:00,amf_ran_ue_count,amf.open5gs.svc.cluster.local:9090,1,D_recovery
2026-04-23T12:24:14.944000+00:00,amf_ran_ue_count,amf.open5gs.svc.cluster.local:9090,1,D_recovery
2026-04-23T12:24:44.944000+00:00,amf_ran_ue_count,amf.open5gs.svc.cluster.local:9090,1,D_recovery
2026-04-23T12:25:14.944000+00:00,amf_ran_ue_count,amf.open5gs.svc.cluster.local:9090,1,D_recovery
2026-04-23T12:25:44.944000+00:00,amf_ran_ue_count,amf.open5gs.svc.cluster.local:9090,1,D_recovery
2026-04-23T12:26:14.944000+00:00,amf_ran_ue_count,amf.open5gs.svc.cluster.local:9090,1,D_recovery
2026-04-23T12:26:44.944000+00:00,amf_ran_ue_count,amf.open5gs.svc.cluster.local:9090,1,D_recovery
2026-04-23T12:27:14.944000+00:00,amf_ran_ue_count,amf.open5gs.svc.cluster.local:9090,1,D_recovery
2026-04-23T12:27:44.944000+00:00,amf_ran_ue_count,amf.open5gs.svc.cluster.local:9090,1,D_recovery
2026-04-23T12:28:14.944000+00:00,amf_ran_ue_count,amf.open5gs.svc.cluster.local:9090,1,D_recovery
2026-04-23T12:28:44.944000+00:00,amf_ran_ue_count,amf.open5gs.svc.cluster.local:9090,1,D_recovery
2026-04-23T12:29:14.944000+00:00,amf_ran_ue_count,amf.open5gs.svc.cluster.local:9090,1,D_recovery
2026-04-23T12:29:44.944000+00:00,amf_ran_ue_count,amf.open5gs.svc.cluster.local:9090,1,D_recovery
2026-04-23T12:30:14.944000+00:00,amf_ran_ue_count,amf.open5gs.svc.cluster.local:9090,1,D_recovery
2026-04-23T12:30:44.944000+00:00,amf_ran_ue_count,amf.open5gs.svc.cluster.local:9090,1,D_recovery
2026-04-23T12:31:14.944000+00:00,amf_ran_ue_count,amf.open5gs.svc.cluster.local:9090,1,D_recovery
2026-04-23T12:31:44.944000+00:00,amf_ran_ue_count,amf.open5gs.svc.cluster.local:9090,1,D_recovery
2026-04-23T12:32:14.944000+00:00,amf_ran_ue_count,amf.open5gs.svc.cluster.local:9090,1,D_recovery
2026-04-23T12:32:44.944000+00:00,amf_ran_ue_count,amf.open5gs.svc.cluster.local:9090,1,D_recovery
2026-04-23T12:33:14.944000+00:00,amf_ran_ue_count,amf.open5gs.svc.cluster.local:9090,1,D_recovery
2026-04-23T12:33:44.944000+00:00,amf_ran_ue_count,amf.open5gs.svc.cluster.local:9090,1,D_recovery
2026-04-23T12:34:14.944000+00:00,amf_ran_ue_count,amf.open5gs.svc.cluster.local:9090,1,D_recovery
2026-04-23T12:34:44.944000+00:00,amf_ran_ue_count,amf.open5gs.svc.cluster.local:9090,1,D_recovery
2026-04-23T12:35:14.944000+00:00,amf_ran_ue_count,amf.open5gs.svc.cluster.local:9090,1,D_recovery
2026-04-23T12:35:44.944000+00:00,amf_ran_ue_count,amf.open5gs.svc.cluster.local:9090,1,D_recovery
2026-04-23T12:36:14.944000+00:00,amf_ran_ue_count,amf.open5gs.svc.cluster.local:9090,1,D_recovery
2026-04-23T12:36:44.944000+00:00,amf_ran_ue_count,amf.open5gs.svc.cluster.local:9090,1,D_recovery
2026-04-23T12:37:14.944000+00:00,amf_ran_ue_count,amf.open5gs.svc.cluster.local:9090,1,D_recovery
2026-04-23T12:37:44.944000+00:00,amf_ran_ue_count,amf.open5gs.svc.cluster.local:9090,1,D_recovery
2026-04-23T12:38:14.944000+00:00,amf_ran_ue_count,amf.open5gs.svc.cluster.local:9090,1,D_recovery
2026-04-23T12:38:44.944000+00:00,amf_ran_ue_count,amf.open5gs.svc.cluster.local:9090,1,D_recovery
2026-04-23T12:39:14.944000+00:00,amf_ran_ue_count,amf.open5gs.svc.cluster.local:9090,1,D_recovery
2026-04-23T12:39:44.944000+00:00,amf_ran_ue_count,amf.open5gs.svc.cluster.local:9090,1,D_recovery
2026-04-23T12:40:14.944000+00:00,amf_ran_ue_count,amf.open5gs.svc.cluster.local:9090,1,D_recovery
2026-04-23T12:40:44.944000+00:00,amf_ran_ue_count,amf.open5gs.svc.cluster.local:9090,1,D_recovery
2026-04-23T12:41:14.944000+00:00,amf_ran_ue_count,amf.open5gs.svc.cluster.local:9090,1,D_recovery
2026-04-23T12:41:44.944000+00:00,amf_ran_ue_count,amf.open5gs.svc.cluster.local:9090,1,D_recovery
2026-04-23T12:42:14.944000+00:00,amf_ran_ue_count,amf.open5gs.svc.cluster.local:9090,1,D_recovery
2026-04-23T12:42:44.944000+00:00,amf_ran_ue_count,amf.open5gs.svc.cluster.local:9090,1,D_recovery
2026-04-23T12:43:14.944000+00:00,amf_ran_ue_count,amf.open5gs.svc.cluster.local:9090,1,D_recovery
2026-04-23T12:43:44.944000+00:00,amf_ran_ue_count,amf.open5gs.svc.cluster.local:9090,1,D_recovery
2026-04-23T12:44:14.944000+00:00,amf_ran_ue_count,amf.open5gs.svc.cluster.local:9090,1,D_recovery
2026-04-23T12:44:44.944000+00:00,amf_ran_ue_count,amf.open5gs.svc.cluster.local:9090,1,D_recovery
2026-04-23T12:45:14.944000+00:00,amf_ran_ue_count,amf.open5gs.svc.cluster.local:9090,1,D_recovery
2026-04-23T12:45:44.944000+00:00,amf_ran_ue_count,amf.open5gs.svc.cluster.local:9090,1,D_recovery
2026-04-23T12:46:14.944000+00:00,amf_ran_ue_count,amf.open5gs.svc.cluster.local:9090,1,D_recovery
2026-04-23T12:46:44.944000+00:00,amf_ran_ue_count,amf.open5gs.svc.cluster.local:9090,1,D_recovery
2026-04-23T12:47:14.944000+00:00,amf_ran_ue_count,amf.open5gs.svc.cluster.local:9090,1,D_recovery
2026-04-23T12:47:44.944000+00:00,amf_ran_ue_count,amf.open5gs.svc.cluster.local:9090,1,D_recovery
2026-04-23T12:48:14.944000+00:00,amf_ran_ue_count,amf.open5gs.svc.cluster.local:9090,1,D_recovery
2026-04-23T12:48:44.944000+00:00,amf_ran_ue_count,amf.open5gs.svc.cluster.local:9090,1,D_recovery
2026-04-23T12:49:14.944000+00:00,amf_ran_ue_count,amf.open5gs.svc.cluster.local:9090,1,D_recovery
2026-04-23T12:49:44.944000+00:00,amf_ran_ue_count,amf.open5gs.svc.cluster.local:9090,1,D_recovery
2026-04-23T12:50:14.944000+00:00,amf_ran_ue_count,amf.open5gs.svc.cluster.local:9090,1,D_recovery
2026-04-23T12:50:44.944000+00:00,amf_ran_ue_count,amf.open5gs.svc.cluster.local:9090,1,D_recovery
2026-04-23T12:51:14.944000+00:00,amf_ran_ue_count,amf.open5gs.svc.cluster.local:9090,1,D_recovery
2026-04-23T12:51:44.944000+00:00,amf_ran_ue_count,amf.open5gs.svc.cluster.local:9090,1,D_recovery
2026-04-23T12:52:14.944000+00:00,amf_ran_ue_count,amf.open5gs.svc.cluster.local:9090,1,D_recovery
2026-04-23T12:52:44.944000+00:00,amf_ran_ue_count,amf.open5gs.svc.cluster.local:9090,1,D_recovery
2026-04-23T12:53:14.944000+00:00,amf_ran_ue_count,amf.open5gs.svc.cluster.local:9090,1,D_recovery
2026-04-23T12:53:44.944000+00:00,amf_ran_ue_count,amf.open5gs.svc.cluster.local:9090,1,D_recovery
2026-04-23T12:54:14.944000+00:00,amf_ran_ue_count,amf.open5gs.svc.cluster.local:9090,1,D_recovery
2026-04-23T12:54:44.944000+00:00,amf_ran_ue_count,amf.open5gs.svc.cluster.local:9090,1,D_recovery
2026-04-23T12:55:14.944000+00:00,amf_ran_ue_count,amf.open5gs.svc.cluster.local:9090,1,D_recovery
2026-04-23T12:55:44.944000+00:00,amf_ran_ue_count,amf.open5gs.svc.cluster.local:9090,1,D_recovery
2026-04-23T12:56:14.944000+00:00,amf_ran_ue_count,amf.open5gs.svc.cluster.local:9090,1,D_recovery
2026-04-23T12:56:44.944000+00:00,amf_ran_ue_count,amf.open5gs.svc.cluster.local:9090,1,D_recovery
2026-04-23T12:57:14.944000+00:00,amf_ran_ue_count,amf.open5gs.svc.cluster.local:9090,1,D_recovery
2026-04-23T12:57:44.944000+00:00,amf_ran_ue_count,amf.open5gs.svc.cluster.local:9090,1,D_recovery
2026-04-23T12:58:14.944000+00:00,amf_ran_ue_count,amf.open5gs.svc.cluster.local:9090,1,D_recovery
2026-04-23T12:58:44.944000+00:00,amf_ran_ue_count,amf.open5gs.svc.cluster.local:9090,1,D_recovery
2026-04-23T12:59:14.944000+00:00,amf_ran_ue_count,amf.open5gs.svc.cluster.local:9090,1,D_recovery
2026-04-23T12:59:44.944000+00:00,amf_ran_ue_count,amf.open5gs.svc.cluster.local:9090,1,D_recovery
2026-04-23T13:00:14.944000+00:00,amf_ran_ue_count,amf.open5gs.svc.cluster.local:9090,1,D_recovery
2026-04-23T13:00:44.944000+00:00,amf_ran_ue_count,amf.open5gs.svc.cluster.local:9090,1,D_recovery
2026-04-23T13:01:14.944000+00:00,amf_ran_ue_count,amf.open5gs.svc.cluster.local:9090,1,D_recovery
2026-04-23T13:01:44.944000+00:00,amf_ran_ue_count,amf.open5gs.svc.cluster.local:9090,1,D_recovery
2026-04-23T13:02:14.944000+00:00,amf_ran_ue_count,amf.open5gs.svc.cluster.local:9090,1,D_recovery
2026-04-23T13:02:44.944000+00:00,amf_ran_ue_count,amf.open5gs.svc.cluster.local:9090,1,D_recovery
2026-04-23T13:03:14.944000+00:00,amf_ran_ue_count,amf.open5gs.svc.cluster.local:9090,1,D_recovery
2026-04-23T13:03:44.944000+00:00,amf_ran_ue_count,amf.open5gs.svc.cluster.local:9090,1,D_recovery
2026-04-23T13:04:14.944000+00:00,amf_ran_ue_count,amf.open5gs.svc.cluster.local:9090,1,D_recovery
2026-04-23T13:04:44.944000+00:00,amf_ran_ue_count,amf.open5gs.svc.cluster.local:9090,1,D_recovery
2026-04-23T13:05:14.944000+00:00,amf_ran_ue_count,amf.open5gs.svc.cluster.local:9090,1,D_recovery
2026-04-23T13:05:44.944000+00:00,amf_ran_ue_count,amf.open5gs.svc.cluster.local:9090,1,D_recovery
2026-04-23T13:06:14.944000+00:00,amf_ran_ue_count,amf.open5gs.svc.cluster.local:9090,1,D_recovery
2026-04-23T13:06:44.944000+00:00,amf_ran_ue_count,amf.open5gs.svc.cluster.local:9090,1,D_recovery
2026-04-23T13:07:14.944000+00:00,amf_ran_ue_count,amf.open5gs.svc.cluster.local:9090,1,D_recovery
2026-04-23T13:07:44.944000+00:00,amf_ran_ue_count,amf.open5gs.svc.cluster.local:9090,1,D_recovery
2026-04-23T13:08:14.944000+00:00,amf_ran_ue_count,amf.open5gs.svc.cluster.local:9090,1,D_recovery
2026-04-23T13:08:44.944000+00:00,amf_ran_ue_count,amf.open5gs.svc.cluster.local:9090,1,D_recovery
2026-04-23T13:09:14.944000+00:00,amf_ran_ue_count,amf.open5gs.svc.cluster.local:9090,1,D_recovery
2026-04-23T13:09:44.944000+00:00,amf_ran_ue_count,amf.open5gs.svc.cluster.local:9090,1,D_recovery
2026-04-23T13:10:14.944000+00:00,amf_ran_ue_count,amf.open5gs.svc.cluster.local:9090,1,D_recovery
2026-04-23T13:10:44.944000+00:00,amf_ran_ue_count,amf.open5gs.svc.cluster.local:9090,1,D_recovery
2026-04-23T13:11:14.944000+00:00,amf_ran_ue_count,amf.open5gs.svc.cluster.local:9090,1,D_recovery
2026-04-23T13:11:44.944000+00:00,amf_ran_ue_count,amf.open5gs.svc.cluster.local:9090,1,D_recovery
2026-04-23T13:12:14.944000+00:00,amf_ran_ue_count,amf.open5gs.svc.cluster.local:9090,1,D_recovery
2026-04-23T13:12:44.944000+00:00,amf_ran_ue_count,amf.open5gs.svc.cluster.local:9090,1,D_recovery
2026-04-23T13:13:14.944000+00:00,amf_ran_ue_count,amf.open5gs.svc.cluster.local:9090,1,D_recovery
2026-04-23T13:13:44.944000+00:00,amf_ran_ue_count,amf.open5gs.svc.cluster.local:9090,1,D_recovery
2026-04-23T13:14:14.944000+00:00,amf_ran_ue_count,amf.open5gs.svc.cluster.local:9090,1,D_recovery
2026-04-23T13:14:44.944000+00:00,amf_ran_ue_count,amf.open5gs.svc.cluster.local:9090,1,D_recovery
2026-04-23T13:15:44.944000+00:00,amf_ran_ue_count,amf.open5gs.svc.cluster.local:9090,1,D_recovery
2026-04-23T13:16:14.944000+00:00,amf_ran_ue_count,amf.open5gs.svc.cluster.local:9090,1,D_recovery
2026-04-23T13:16:44.944000+00:00,amf_ran_ue_count,amf.open5gs.svc.cluster.local:9090,1,D_recovery
2026-04-23T13:18:44.944000+00:00,amf_ran_ue_count,amf.open5gs.svc.cluster.local:9090,1,D_recovery
2026-04-23T13:19:14.944000+00:00,amf_ran_ue_count,amf.open5gs.svc.cluster.local:9090,1,D_recovery
2026-04-23T13:19:44.944000+00:00,amf_ran_ue_count,amf.open5gs.svc.cluster.local:9090,1,D_recovery
2026-04-23T13:20:14.944000+00:00,amf_ran_ue_count,amf.open5gs.svc.cluster.local:9090,1,D_recovery
2026-04-23T13:20:44.944000+00:00,amf_ran_ue_count,amf.open5gs.svc.cluster.local:9090,1,D_recovery
2026-04-23T13:21:14.944000+00:00,amf_ran_ue_count,amf.open5gs.svc.cluster.local:9090,1,D_recovery
2026-04-23T13:21:44.944000+00:00,amf_ran_ue_count,amf.open5gs.svc.cluster.local:9090,1,D_recovery
2026-04-23T13:22:14.944000+00:00,amf_ran_ue_count,amf.open5gs.svc.cluster.local:9090,1,D_recovery
2026-04-23T13:22:44.944000+00:00,amf_ran_ue_count,amf.open5gs.svc.cluster.local:9090,1,D_recovery
2026-04-23T13:24:44.944000+00:00,amf_ran_ue_count,amf.open5gs.svc.cluster.local:9090,1,D_recovery
2026-04-23T13:25:14.944000+00:00,amf_ran_ue_count,amf.open5gs.svc.cluster.local:9090,1,D_recovery
2026-04-23T13:25:44.944000+00:00,amf_ran_ue_count,amf.open5gs.svc.cluster.local:9090,1,D_recovery
2026-04-23T13:26:14.944000+00:00,amf_ran_ue_count,amf.open5gs.svc.cluster.local:9090,1,D_recovery
2026-04-23T13:26:44.944000+00:00,amf_ran_ue_count,amf.open5gs.svc.cluster.local:9090,1,D_recovery
2026-04-23T13:27:14.944000+00:00,amf_ran_ue_count,amf.open5gs.svc.cluster.local:9090,1,D_recovery
2026-04-23T13:27:44.944000+00:00,amf_ran_ue_count,amf.open5gs.svc.cluster.local:9090,1,D_recovery
2026-04-23T13:28:14.944000+00:00,amf_ran_ue_count,amf.open5gs.svc.cluster.local:9090,1,D_recovery
2026-04-23T13:28:44.944000+00:00,amf_ran_ue_count,amf.open5gs.svc.cluster.local:9090,1,D_recovery
2026-04-23T13:29:14.944000+00:00,amf_ran_ue_count,amf.open5gs.svc.cluster.local:9090,1,D_recovery
2026-04-23T13:29:44.944000+00:00,amf_ran_ue_count,amf.open5gs.svc.cluster.local:9090,1,D_recovery
2026-04-23T13:30:14.944000+00:00,amf_ran_ue_count,amf.open5gs.svc.cluster.local:9090,1,D_recovery
2026-04-23T13:30:44.944000+00:00,amf_ran_ue_count,amf.open5gs.svc.cluster.local:9090,1,D_recovery
2026-04-23T13:32:44.944000+00:00,amf_ran_ue_count,amf.open5gs.svc.cluster.local:9090,1,D_recovery
2026-04-23T13:33:14.944000+00:00,amf_ran_ue_count,amf.open5gs.svc.cluster.local:9090,1,D_recovery
2026-04-23T13:33:44.944000+00:00,amf_ran_ue_count,amf.open5gs.svc.cluster.local:9090,1,D_recovery
2026-04-23T13:34:14.944000+00:00,amf_ran_ue_count,amf.open5gs.svc.cluster.local:9090,1,D_recovery
2026-04-23T13:34:44.944000+00:00,amf_ran_ue_count,amf.open5gs.svc.cluster.local:9090,1,D_recovery
2026-04-23T13:35:44.944000+00:00,amf_ran_ue_count,amf.open5gs.svc.cluster.local:9090,1,D_recovery
2026-04-23T13:36:14.944000+00:00,amf_ran_ue_count,amf.open5gs.svc.cluster.local:9090,1,D_recovery
2026-04-23T13:36:44.944000+00:00,amf_ran_ue_count,amf.open5gs.svc.cluster.local:9090,1,D_recovery
2026-04-23T13:37:14.944000+00:00,amf_ran_ue_count,amf.open5gs.svc.cluster.local:9090,1,D_recovery
2026-04-23T13:37:44.944000+00:00,amf_ran_ue_count,amf.open5gs.svc.cluster.local:9090,1,D_recovery
2026-04-23T13:38:14.944000+00:00,amf_ran_ue_count,amf.open5gs.svc.cluster.local:9090,1,D_recovery
2026-04-23T13:38:44.944000+00:00,amf_ran_ue_count,amf.open5gs.svc.cluster.local:9090,1,D_recovery
2026-04-23T13:39:14.944000+00:00,amf_ran_ue_count,amf.open5gs.svc.cluster.local:9090,1,D_recovery
2026-04-23T13:39:44.944000+00:00,amf_ran_ue_count,amf.open5gs.svc.cluster.local:9090,1,D_recovery
2026-04-23T13:40:14.944000+00:00,amf_ran_ue_count,amf.open5gs.svc.cluster.local:9090,1,D_recovery
2026-04-23T13:40:44.944000+00:00,amf_ran_ue_count,amf.open5gs.svc.cluster.local:9090,1,D_recovery
2026-04-23T13:41:14.944000+00:00,amf_ran_ue_count,amf.open5gs.svc.cluster.local:9090,1,D_recovery
2026-04-23T13:41:44.944000+00:00,amf_ran_ue_count,amf.open5gs.svc.cluster.local:9090,1,D_recovery
2026-04-23T13:42:14.944000+00:00,amf_ran_ue_count,amf.open5gs.svc.cluster.local:9090,1,D_recovery
2026-04-23T13:42:44.944000+00:00,amf_ran_ue_count,amf.open5gs.svc.cluster.local:9090,1,D_recovery
2026-04-23T13:43:14.944000+00:00,amf_ran_ue_count,amf.open5gs.svc.cluster.local:9090,1,D_recovery
2026-04-23T13:43:44.944000+00:00,amf_ran_ue_count,amf.open5gs.svc.cluster.local:9090,1,D_recovery
2026-04-23T13:44:14.944000+00:00,amf_ran_ue_count,amf.open5gs.svc.cluster.local:9090,1,D_recovery
2026-04-23T13:47:14.944000+00:00,amf_ran_ue_count,amf.open5gs.svc.cluster.local:9090,1,D_recovery
2026-04-23T13:47:44.944000+00:00,amf_ran_ue_count,amf.open5gs.svc.cluster.local:9090,1,D_recovery
2026-04-23T13:48:14.944000+00:00,amf_ran_ue_count,amf.open5gs.svc.cluster.local:9090,1,D_recovery
2026-04-23T13:48:44.944000+00:00,amf_ran_ue_count,amf.open5gs.svc.cluster.local:9090,1,D_recovery
2026-04-23T13:49:14.944000+00:00,amf_ran_ue_count,amf.open5gs.svc.cluster.local:9090,1,D_recovery
2026-04-23T13:49:44.944000+00:00,amf_ran_ue_count,amf.open5gs.svc.cluster.local:9090,1,D_recovery
2026-04-23T13:50:14.944000+00:00,amf_ran_ue_count,amf.open5gs.svc.cluster.local:9090,1,D_recovery
2026-04-23T13:50:44.944000+00:00,amf_ran_ue_count,amf.open5gs.svc.cluster.local:9090,1,D_recovery
2026-04-23T13:51:14.944000+00:00,amf_ran_ue_count,amf.open5gs.svc.cluster.local:9090,1,D_recovery
2026-04-23T13:51:44.944000+00:00,amf_ran_ue_count,amf.open5gs.svc.cluster.local:9090,1,D_recovery
2026-04-23T13:52:14.944000+00:00,amf_ran_ue_count,amf.open5gs.svc.cluster.local:9090,1,D_recovery
2026-04-23T13:52:44.944000+00:00,amf_ran_ue_count,amf.open5gs.svc.cluster.local:9090,1,D_recovery
2026-04-23T13:54:14.944000+00:00,amf_ran_ue_count,amf.open5gs.svc.cluster.local:9090,1,D_recovery
2026-04-23T13:54:44.944000+00:00,amf_ran_ue_count,amf.open5gs.svc.cluster.local:9090,1,D_recovery
2026-04-23T13:55:14.944000+00:00,amf_ran_ue_count,amf.open5gs.svc.cluster.local:9090,1,D_recovery
2026-04-23T13:55:44.944000+00:00,amf_ran_ue_count,amf.open5gs.svc.cluster.local:9090,1,D_recovery
2026-04-23T13:56:14.944000+00:00,amf_ran_ue_count,amf.open5gs.svc.cluster.local:9090,1,D_recovery
2026-04-23T13:56:44.944000+00:00,amf_ran_ue_count,amf.open5gs.svc.cluster.local:9090,1,D_recovery
2026-04-23T13:57:14.944000+00:00,amf_ran_ue_count,amf.open5gs.svc.cluster.local:9090,1,D_recovery
2026-04-23T13:57:44.944000+00:00,amf_ran_ue_count,amf.open5gs.svc.cluster.local:9090,1,D_recovery
2026-04-23T13:58:14.944000+00:00,amf_ran_ue_count,amf.open5gs.svc.cluster.local:9090,1,D_recovery
2026-04-23T13:58:44.944000+00:00,amf_ran_ue_count,amf.open5gs.svc.cluster.local:9090,1,D_recovery
2026-04-23T13:59:14.944000+00:00,amf_ran_ue_count,amf.open5gs.svc.cluster.local:9090,1,D_recovery
2026-04-23T14:00:14.944000+00:00,amf_ran_ue_count,amf.open5gs.svc.cluster.local:9090,1,D_recovery
2026-04-23T14:02:44.944000+00:00,amf_ran_ue_count,amf.open5gs.svc.cluster.local:9090,1,D_recovery
2026-04-23T14:03:14.944000+00:00,amf_ran_ue_count,amf.open5gs.svc.cluster.local:9090,1,D_recovery
2026-04-23T14:03:44.944000+00:00,amf_ran_ue_count,amf.open5gs.svc.cluster.local:9090,1,D_recovery
2026-04-23T14:04:14.944000+00:00,amf_ran_ue_count,amf.open5gs.svc.cluster.local:9090,1,D_recovery
2026-04-23T14:04:44.944000+00:00,amf_ran_ue_count,amf.open5gs.svc.cluster.local:9090,1,D_recovery
2026-04-23T14:10:14.944000+00:00,amf_ran_ue_count,amf.open5gs.svc.cluster.local:9090,1,D_recovery
2026-04-23T14:10:44.944000+00:00,amf_ran_ue_count,amf.open5gs.svc.cluster.local:9090,1,D_recovery
2026-04-23T14:11:14.944000+00:00,amf_ran_ue_count,amf.open5gs.svc.cluster.local:9090,1,D_recovery
2026-04-23T14:11:44.944000+00:00,amf_ran_ue_count,amf.open5gs.svc.cluster.local:9090,1,D_recovery
2026-04-23T14:12:14.944000+00:00,amf_ran_ue_count,amf.open5gs.svc.cluster.local:9090,1,D_recovery
2026-04-23T14:12:44.944000+00:00,amf_ran_ue_count,amf.open5gs.svc.cluster.local:9090,1,D_recovery
